<?xml version="1.0" encoding="UTF-8" standalone="yes"?>
<ns2:ExportManifest xmlns:ns2="http://www.pentaho.com/schema/">
    <ExportManifestInformation exportDate="27-03-2017 05:51:22 CEST" exportBy="admin" rootFolder="/" manifestVersion="2"/>
    <ExportManifestEntity path="public/Alflytics/Reports">
        <ExportManifestProperty>
            <EntityMetaData name="Reports" createdDate="2017-03-27T17:43:40.630+02:00" isFolder="true" path="public/Alflytics/Reports" isHidden="false" locale="en_US" title="Reports"/>
        </ExportManifestProperty>
        <ExportManifestProperty>
            <EntityAcl>
                <entriesInheriting>true</entriesInheriting>
                <owner>admin</owner>
                <ownerType>USER</ownerType>
            </EntityAcl>
        </ExportManifestProperty>
    </ExportManifestEntity>
    <ExportManifestEntity path="public/Alflytics/Reports/alfresco_auditTrail_actions.prpt">
        <ExportManifestProperty>
            <EntityMetaData name="alfresco_auditTrail_actions.prpt" createdDate="2017-03-27T17:44:16.243+02:00" isFolder="false" path="public/Alflytics/Reports/alfresco_auditTrail_actions.prpt" isHidden="false" locale="en_US" title="alfresco_auditTrail_actions"/>
        </ExportManifestProperty>
        <ExportManifestProperty>
            <EntityAcl>
                <entriesInheriting>true</entriesInheriting>
                <owner>admin</owner>
                <ownerType>USER</ownerType>
            </EntityAcl>
        </ExportManifestProperty>
    </ExportManifestEntity>
    <ExportManifestEntity path="public/Alflytics/Reports/alfresco_auditTrail_days.prpt">
        <ExportManifestProperty>
            <EntityMetaData name="alfresco_auditTrail_days.prpt" createdDate="2017-03-27T17:44:15.739+02:00" isFolder="false" path="public/Alflytics/Reports/alfresco_auditTrail_days.prpt" isHidden="false" locale="en_US" title="alfresco_auditTrail_days"/>
        </ExportManifestProperty>
        <ExportManifestProperty>
            <EntityAcl>
                <entriesInheriting>true</entriesInheriting>
                <owner>admin</owner>
                <ownerType>USER</ownerType>
            </EntityAcl>
        </ExportManifestProperty>
    </ExportManifestEntity>
    <ExportManifestEntity path="public/Alflytics/Reports/alfresco_auditTrail_details.prpt">
        <ExportManifestProperty>
            <EntityMetaData name="alfresco_auditTrail_details.prpt" createdDate="2017-03-27T17:44:16.827+02:00" isFolder="false" path="public/Alflytics/Reports/alfresco_auditTrail_details.prpt" isHidden="false" locale="en_US" title="alfresco_auditTrail_details"/>
        </ExportManifestProperty>
        <ExportManifestProperty>
            <EntityAcl>
                <entriesInheriting>true</entriesInheriting>
                <owner>admin</owner>
                <ownerType>USER</ownerType>
            </EntityAcl>
        </ExportManifestProperty>
    </ExportManifestEntity>
    <ExportManifestEntity path="public/Alflytics/Reports/alfresco_auditTrail_time.prpt">
        <ExportManifestProperty>
            <EntityMetaData name="alfresco_auditTrail_time.prpt" createdDate="2017-03-27T17:44:16.132+02:00" isFolder="false" path="public/Alflytics/Reports/alfresco_auditTrail_time.prpt" isHidden="false" locale="en_US" title="alfresco_auditTrail_time"/>
        </ExportManifestProperty>
        <ExportManifestProperty>
            <EntityAcl>
                <entriesInheriting>true</entriesInheriting>
                <owner>admin</owner>
                <ownerType>USER</ownerType>
            </EntityAcl>
        </ExportManifestProperty>
    </ExportManifestEntity>
    <ExportManifestEntity path="public/Alflytics/Reports/alfresco_auditTrail_topContent.prpt">
        <ExportManifestProperty>
            <EntityMetaData name="alfresco_auditTrail_topContent.prpt" createdDate="2017-03-27T17:44:15.648+02:00" isFolder="false" path="public/Alflytics/Reports/alfresco_auditTrail_topContent.prpt" isHidden="false" locale="en_US" title="alfresco_auditTrail_topContent"/>
        </ExportManifestProperty>
        <ExportManifestProperty>
            <EntityAcl>
                <entriesInheriting>true</entriesInheriting>
                <owner>admin</owner>
                <ownerType>USER</ownerType>
            </EntityAcl>
        </ExportManifestProperty>
    </ExportManifestEntity>
    <ExportManifestEntity path="public/Alflytics/Reports/alfresco_auditTrail_topUsers.prpt">
        <ExportManifestProperty>
            <EntityMetaData name="alfresco_auditTrail_topUsers.prpt" createdDate="2017-03-27T17:44:15.388+02:00" isFolder="false" path="public/Alflytics/Reports/alfresco_auditTrail_topUsers.prpt" isHidden="false" locale="en_US" title="alfresco_auditTrail_topUsers"/>
        </ExportManifestProperty>
        <ExportManifestProperty>
            <EntityAcl>
                <entriesInheriting>true</entriesInheriting>
                <owner>admin</owner>
                <ownerType>USER</ownerType>
            </EntityAcl>
        </ExportManifestProperty>
    </ExportManifestEntity>
    <ExportManifestEntity path="public/Alflytics/Reports/alfresco_auditTrail_user.prpt">
        <ExportManifestProperty>
            <EntityMetaData name="alfresco_auditTrail_user.prpt" createdDate="2017-03-27T17:44:17.416+02:00" isFolder="false" path="public/Alflytics/Reports/alfresco_auditTrail_user.prpt" isHidden="false" locale="en_US" title="alfresco_auditTrail_user"/>
        </ExportManifestProperty>
        <ExportManifestProperty>
            <EntityAcl>
                <entriesInheriting>true</entriesInheriting>
                <owner>admin</owner>
                <ownerType>USER</ownerType>
            </EntityAcl>
        </ExportManifestProperty>
    </ExportManifestEntity>
    <ExportManifestEntity path="public/Alflytics/Reports/alfresco_content_mimeTypes.prpt">
        <ExportManifestProperty>
            <EntityMetaData name="alfresco_content_mimeTypes.prpt" createdDate="2017-03-27T17:44:16.985+02:00" isFolder="false" path="public/Alflytics/Reports/alfresco_content_mimeTypes.prpt" isHidden="false" locale="en_US" title="alfresco_content_mimeTypes"/>
        </ExportManifestProperty>
        <ExportManifestProperty>
            <EntityAcl>
                <entriesInheriting>true</entriesInheriting>
                <owner>admin</owner>
                <ownerType>USER</ownerType>
            </EntityAcl>
        </ExportManifestProperty>
    </ExportManifestEntity>
    <ExportManifestEntity path="public/Alflytics/Reports/alfresco_process_instances.prpt">
        <ExportManifestProperty>
            <EntityMetaData name="alfresco_process_instances.prpt" createdDate="2017-03-27T17:44:15.525+02:00" isFolder="false" path="public/Alflytics/Reports/alfresco_process_instances.prpt" isHidden="false" locale="en_US" title="alfresco_process_instances"/>
        </ExportManifestProperty>
        <ExportManifestProperty>
            <EntityAcl>
                <entriesInheriting>true</entriesInheriting>
                <owner>admin</owner>
                <ownerType>USER</ownerType>
            </EntityAcl>
        </ExportManifestProperty>
    </ExportManifestEntity>
    <ExportManifestEntity path="public/Alflytics/Reports/alfresco_process_tasks.prpt">
        <ExportManifestProperty>
            <EntityMetaData name="alfresco_process_tasks.prpt" createdDate="2017-03-27T17:44:15.450+02:00" isFolder="false" path="public/Alflytics/Reports/alfresco_process_tasks.prpt" isHidden="false" locale="en_US" title="alfresco_process_tasks"/>
        </ExportManifestProperty>
        <ExportManifestProperty>
            <EntityAcl>
                <entriesInheriting>true</entriesInheriting>
                <owner>admin</owner>
                <ownerType>USER</ownerType>
            </EntityAcl>
        </ExportManifestProperty>
    </ExportManifestEntity>
    <ExportManifestEntity path="public/Alflytics/Reports/alfresco_repository_category.prpt">
        <ExportManifestProperty>
            <EntityMetaData name="alfresco_repository_category.prpt" createdDate="2017-03-27T17:44:16.469+02:00" isFolder="false" path="public/Alflytics/Reports/alfresco_repository_category.prpt" isHidden="false" locale="en_US" title="alfresco_repository_category"/>
        </ExportManifestProperty>
        <ExportManifestProperty>
            <EntityAcl>
                <entriesInheriting>true</entriesInheriting>
                <owner>admin</owner>
                <ownerType>USER</ownerType>
            </EntityAcl>
        </ExportManifestProperty>
    </ExportManifestEntity>
    <ExportManifestEntity path="public/Alflytics/Reports/alfresco_repository_creation.prpt">
        <ExportManifestProperty>
            <EntityMetaData name="alfresco_repository_creation.prpt" createdDate="2017-03-27T17:44:16.691+02:00" isFolder="false" path="public/Alflytics/Reports/alfresco_repository_creation.prpt" isHidden="false" locale="en_US" title="alfresco_repository_creation"/>
        </ExportManifestProperty>
        <ExportManifestProperty>
            <EntityAcl>
                <entriesInheriting>true</entriesInheriting>
                <owner>admin</owner>
                <ownerType>USER</ownerType>
            </EntityAcl>
        </ExportManifestProperty>
    </ExportManifestEntity>
    <ExportManifestEntity path="public/Alflytics/Reports/alfresco_repository_creator.prpt">
        <ExportManifestProperty>
            <EntityMetaData name="alfresco_repository_creator.prpt" createdDate="2017-03-27T17:44:16.321+02:00" isFolder="false" path="public/Alflytics/Reports/alfresco_repository_creator.prpt" isHidden="false" locale="en_US" title="alfresco_repository_creator"/>
        </ExportManifestProperty>
        <ExportManifestProperty>
            <EntityAcl>
                <entriesInheriting>true</entriesInheriting>
                <owner>admin</owner>
                <ownerType>USER</ownerType>
            </EntityAcl>
        </ExportManifestProperty>
    </ExportManifestEntity>
    <ExportManifestEntity path="public/Alflytics/Reports/alfresco_repository_modification.prpt">
        <ExportManifestProperty>
            <EntityMetaData name="alfresco_repository_modification.prpt" createdDate="2017-03-27T17:44:17.555+02:00" isFolder="false" path="public/Alflytics/Reports/alfresco_repository_modification.prpt" isHidden="false" locale="en_US" title="alfresco_repository_modification"/>
        </ExportManifestProperty>
        <ExportManifestProperty>
            <EntityAcl>
                <entriesInheriting>true</entriesInheriting>
                <owner>admin</owner>
                <ownerType>USER</ownerType>
            </EntityAcl>
        </ExportManifestProperty>
    </ExportManifestEntity>
    <ExportManifestEntity path="public/Alflytics/Reports/alfresco_repository_modifier.prpt">
        <ExportManifestProperty>
            <EntityMetaData name="alfresco_repository_modifier.prpt" createdDate="2017-03-27T17:44:15.889+02:00" isFolder="false" path="public/Alflytics/Reports/alfresco_repository_modifier.prpt" isHidden="false" locale="en_US" title="alfresco_repository_modifier"/>
        </ExportManifestProperty>
        <ExportManifestProperty>
            <EntityAcl>
                <entriesInheriting>true</entriesInheriting>
                <owner>admin</owner>
                <ownerType>USER</ownerType>
            </EntityAcl>
        </ExportManifestProperty>
    </ExportManifestEntity>
    <ExportManifestEntity path="public/Alflytics/Reports/alfresco_repository_nodeTypes.prpt">
        <ExportManifestProperty>
            <EntityMetaData name="alfresco_repository_nodeTypes.prpt" createdDate="2017-03-27T17:44:17.611+02:00" isFolder="false" path="public/Alflytics/Reports/alfresco_repository_nodeTypes.prpt" isHidden="false" locale="en_US" title="alfresco_repository_nodeTypes"/>
        </ExportManifestProperty>
        <ExportManifestProperty>
            <EntityAcl>
                <entriesInheriting>true</entriesInheriting>
                <owner>admin</owner>
                <ownerType>USER</ownerType>
            </EntityAcl>
        </ExportManifestProperty>
    </ExportManifestEntity>
    <ExportManifestEntity path="public/Alflytics/Reports/alfresco_repository_owner.prpt">
        <ExportManifestProperty>
            <EntityMetaData name="alfresco_repository_owner.prpt" createdDate="2017-03-27T17:44:16.044+02:00" isFolder="false" path="public/Alflytics/Reports/alfresco_repository_owner.prpt" isHidden="false" locale="en_US" title="alfresco_repository_owner"/>
        </ExportManifestProperty>
        <ExportManifestProperty>
            <EntityAcl>
                <entriesInheriting>true</entriesInheriting>
                <owner>admin</owner>
                <ownerType>USER</ownerType>
            </EntityAcl>
        </ExportManifestProperty>
    </ExportManifestEntity>
    <ExportManifestEntity path="public/Alflytics/Reports/alfresco_repository_summary.prpt">
        <ExportManifestProperty>
            <EntityMetaData name="alfresco_repository_summary.prpt" createdDate="2017-03-27T17:44:15.834+02:00" isFolder="false" path="public/Alflytics/Reports/alfresco_repository_summary.prpt" isHidden="false" locale="en_US" title="alfresco_repository_summary"/>
        </ExportManifestProperty>
        <ExportManifestProperty>
            <EntityAcl>
                <entriesInheriting>true</entriesInheriting>
                <owner>admin</owner>
                <ownerType>USER</ownerType>
            </EntityAcl>
        </ExportManifestProperty>
    </ExportManifestEntity>
    <ExportManifestEntity path="public/Alflytics/Reports/alfresco_repository_tag.prpt">
        <ExportManifestProperty>
            <EntityMetaData name="alfresco_repository_tag.prpt" createdDate="2017-03-27T17:44:17.491+02:00" isFolder="false" path="public/Alflytics/Reports/alfresco_repository_tag.prpt" isHidden="false" locale="en_US" title="alfresco_repository_tag"/>
        </ExportManifestProperty>
        <ExportManifestProperty>
            <EntityAcl>
                <entriesInheriting>true</entriesInheriting>
                <owner>admin</owner>
                <ownerType>USER</ownerType>
            </EntityAcl>
        </ExportManifestProperty>
    </ExportManifestEntity>
    <ExportManifestEntity path="public/Alflytics/Reports/alfresco_repository_topCategories.prpt">
        <ExportManifestProperty>
            <EntityMetaData name="alfresco_repository_topCategories.prpt" createdDate="2017-03-27T17:44:17.286+02:00" isFolder="false" path="public/Alflytics/Reports/alfresco_repository_topCategories.prpt" isHidden="false" locale="en_US" title="alfresco_repository_topCategories"/>
        </ExportManifestProperty>
        <ExportManifestProperty>
            <EntityAcl>
                <entriesInheriting>true</entriesInheriting>
                <owner>admin</owner>
                <ownerType>USER</ownerType>
            </EntityAcl>
        </ExportManifestProperty>
    </ExportManifestEntity>
    <ExportManifestEntity path="public/Alflytics/Reports/alfresco_repository_topTags.prpt">
        <ExportManifestProperty>
            <EntityMetaData name="alfresco_repository_topTags.prpt" createdDate="2017-03-27T17:44:16.613+02:00" isFolder="false" path="public/Alflytics/Reports/alfresco_repository_topTags.prpt" isHidden="false" locale="en_US" title="alfresco_repository_topTags"/>
        </ExportManifestProperty>
        <ExportManifestProperty>
            <EntityAcl>
                <entriesInheriting>true</entriesInheriting>
                <owner>admin</owner>
                <ownerType>USER</ownerType>
            </EntityAcl>
        </ExportManifestProperty>
    </ExportManifestEntity>
</ns2:ExportManifest>
