<endpoints>
<endpoint id="alfrescoAuditsPrefix">/alfresco/service/api/audit/query</endpoint>
<endpoint id="alfrescoDiscovery">/alfresco/api/discovery</endpoint>
<endpoint id="alfrescoPeople">/alfresco/api/-default-/public/alfresco/versions/1/people?maxItems=${maxItems}&amp;skipCount=${skipCount}</endpoint>
<endpoint id="alfrescoPeopleCount">/alfresco/api/-default-/public/alfresco/versions/1/people?maxItems=1000000000&amp;skipCount=1&amp;fields=%7B%7D</endpoint>
<endpoint id="alfrescoProcesses">/alfresco/api/-default-/public/workflow/versions/1</endpoint>
<endpoint id="alfrescoProcessesDeployments">/deployments?maxItems=1000000000&amp;skipCount=0</endpoint>
<endpoint id="alfrescoProcessesDefinitions">/process-definitions?maxItems=1000000000&amp;skipCount=0</endpoint>
<endpoint id="alfrescoProcessesInstancesCompleted">/processes?where=(status%3Dcompleted%20and%20endedAt%3E'${processesMaxDt}')&amp;maxItems=${maxItems}&amp;skipCount=${skipCount}</endpoint>
<endpoint id="alfrescoProcessesInstancesCount">/processes?maxItems=1&amp;skipCount=1000000000</endpoint>
<endpoint id="alfrescoProcessesInstancesNotCompleted">/processes?maxItems=${maxItems}&amp;skipCount=${skipCount}</endpoint>
<endpoint id="alfrescoProcessesItemsPrefix">/processes/</endpoint>
<endpoint id="alfrescoProcessesItemsSuffix">/items</endpoint>
<endpoint id="alfrescoProcessesTasks">/tasks?maxItems=${maxItems}&amp;skipCount=${skipCount}</endpoint>
<endpoint id="alfrescoProcessesTasksCount">/tasks?maxItems=1&amp;skipCount=0&amp;fields=%7B%7D</endpoint>
<endpoint id="alfrescoSearch">/alfresco/api/-default-/public/search/versions/1/search</endpoint>
<endpoint id="alfrescoSearchCategoriesBody">{"query":{"query":"(TYPE:\"cm:category\")","language": "afts"},"sort":[{"type":"FIELD","field":"cm:modified","ascending": true},{"type":"FIELD","field":"sys:dbid","ascending":true}],"include":["properties"],"paging":{"maxItems": ${maxItems},"skipCount":${skipCount}}}</endpoint>
<endpoint id="alfrescoSearchCategoriesCountBody">{"query":{"query": "(TYPE:\"cm:category\")","language":"afts"},"paging":{"maxItems":1,"skipCount":1000000000}}</endpoint>
<endpoint id="alfrescoSearchNodesModifiedBody">{"query":{"query":"(((TYPE:\"cm:content\") OR (TYPE:\"cm:folder\")) AND NOT (TYPE:\"cm:systemfolder\") AND (@cm:modified:[\"${alfrescoMaxDt}\" TO MAX]))","language": "afts"},"sort":[{"type":"FIELD","field":"cm:modified","ascending": true},{"type":"FIELD","field":"sys:dbid","ascending":true}],"include":["properties","isLink"],"paging":{"maxItems": ${maxItems},"skipCount":${skipCount}}}</endpoint>
<endpoint id="alfrescoSearchNodesNotModifiedBody">{"query":{"query":"(((TYPE:\"cm:content\") OR (TYPE:\"cm:folder\")) AND NOT (TYPE:\"cm:systemfolder\") AND (@cm:modified:[\"2001-01-01T00:00:00.000Z\" TO \"${alfrescoMaxDt}\"]))","language": "afts"},"sort":[{"type":"FIELD","field":"cm:modified","ascending": true},{"type":"FIELD","field":"sys:dbid","ascending":true}],"include":[],"paging":{"maxItems": ${maxItems},"skipCount":${skipCount}}}</endpoint>
<endpoint id="alfrescoSearchNodesCountBody">{"query":{"query": "(((TYPE:\"cm:content\") OR (TYPE:\"cm:folder\")) AND NOT (TYPE:\"cm:systemfolder\") AND (@cm:modified:[\"2001-01-01T00:00:00.000Z\" TO MAX]))","language":"afts"},"paging":{"maxItems":1,"skipCount":1000000000}}</endpoint>
</endpoints>
