<?xml version="1.0" encoding="UTF-8" standalone="yes"?>
<ns2:ExportManifest xmlns:ns2="http://www.pentaho.com/schema/">
    <ExportManifestInformation exportDate="25-03-2017 05:04:23 CET" exportBy="admin" rootFolder="/" manifestVersion="2"/>
    <ExportManifestEntity path="public/Alflytics/Dashboards">
        <ExportManifestProperty>
            <EntityMetaData name="Dashboards" createdDate="2017-03-16T19:33:13.913+01:00" isFolder="true" path="public/Alflytics/Dashboards" isHidden="false" locale="en_US" title="Dashboards"/>
        </ExportManifestProperty>
        <ExportManifestProperty>
            <EntityAcl>
                <entriesInheriting>true</entriesInheriting>
                <owner>admin</owner>
                <ownerType>USER</ownerType>
            </EntityAcl>
        </ExportManifestProperty>
    </ExportManifestEntity>
    <ExportManifestEntity path="public/Alflytics/Dashboards/main.cda">
        <ExportManifestProperty>
            <EntityMetaData name="main.cda" createdDate="2017-03-19T10:42:47.254+01:00" isFolder="false" path="public/Alflytics/Dashboards/main.cda" isHidden="false" locale="en_US" title="main"/>
        </ExportManifestProperty>
        <ExportManifestProperty>
            <EntityAcl>
                <entriesInheriting>true</entriesInheriting>
                <owner>admin</owner>
                <ownerType>USER</ownerType>
            </EntityAcl>
        </ExportManifestProperty>
    </ExportManifestEntity>
    <ExportManifestEntity path="public/Alflytics/Dashboards/main.cdfde">
        <ExportManifestProperty>
            <EntityMetaData name="main.cdfde" createdDate="2017-03-19T10:42:48.174+01:00" isFolder="false" path="public/Alflytics/Dashboards/main.cdfde" isHidden="false" locale="en_US" title="main"/>
        </ExportManifestProperty>
        <ExportManifestProperty>
            <EntityAcl>
                <entriesInheriting>true</entriesInheriting>
                <owner>admin</owner>
                <ownerType>USER</ownerType>
            </EntityAcl>
        </ExportManifestProperty>
    </ExportManifestEntity>
    <ExportManifestEntity path="public/Alflytics/Dashboards/main.wcdf">
        <ExportManifestProperty>
            <EntityMetaData name="main.wcdf" createdDate="2017-03-19T10:42:47.960+01:00" isFolder="false" path="public/Alflytics/Dashboards/main.wcdf" isHidden="false" locale="en_US" title="main"/>
        </ExportManifestProperty>
        <ExportManifestProperty>
            <EntityAcl>
                <entriesInheriting>true</entriesInheriting>
                <owner>admin</owner>
                <ownerType>USER</ownerType>
            </EntityAcl>
        </ExportManifestProperty>
    </ExportManifestEntity>
</ns2:ExportManifest>
