<?xml version="1.0" encoding="UTF-8" standalone="yes"?>
<ns2:ExportManifest xmlns:ns2="http://www.pentaho.com/schema/">
    <ExportManifestInformation exportDate="19-03-2017 09:42:36 CET" exportBy="admin" rootFolder="/" manifestVersion="2"/>
    <ExportManifestEntity path="public/Alflytics">
        <ExportManifestProperty>
            <EntityMetaData name="Alflytics" createdDate="2017-03-16T19:33:13.913+01:00" isFolder="true" path="public/Alflytics" isHidden="false" locale="en_US" title="Alflytics"/>
        </ExportManifestProperty>
        <ExportManifestProperty>
            <EntityAcl>
                <entriesInheriting>true</entriesInheriting>
                <owner>admin</owner>
                <ownerType>USER</ownerType>
            </EntityAcl>
        </ExportManifestProperty>
    </ExportManifestEntity>
    <ExportManifestEntity path="public/Alflytics/Dashboards">
        <ExportManifestProperty>
            <EntityMetaData name="Dashboards" createdDate="2017-03-16T19:33:13.913+01:00" isFolder="true" path="public/Alflytics/Dashboards" isHidden="false" locale="en_US" title="Dashboards"/>
        </ExportManifestProperty>
        <ExportManifestProperty>
            <EntityAcl>
                <entriesInheriting>true</entriesInheriting>
                <owner>admin</owner>
                <ownerType>USER</ownerType>
            </EntityAcl>
        </ExportManifestProperty>
    </ExportManifestEntity>
    <ExportManifestEntity path="public/Alflytics/Dashboards/main.cda">
        <ExportManifestProperty>
            <EntityMetaData name="main.cda" createdDate="2017-03-18T14:23:29.477+01:00" isFolder="false" path="public/Alflytics/Dashboards/main.cda" isHidden="false" locale="en_US" title="main.cda"/>
        </ExportManifestProperty>
        <ExportManifestProperty>
            <EntityAcl>
                <entriesInheriting>true</entriesInheriting>
                <owner>admin</owner>
                <ownerType>USER</ownerType>
            </EntityAcl>
        </ExportManifestProperty>
    </ExportManifestEntity>
    <ExportManifestEntity path="public/Alflytics/Dashboards/main.cdfde">
        <ExportManifestProperty>
            <EntityMetaData name="main.cdfde" createdDate="2017-03-16T21:01:52.895+01:00" isFolder="false" path="public/Alflytics/Dashboards/main.cdfde" isHidden="false" locale="en_US" title="main"/>
        </ExportManifestProperty>
        <ExportManifestProperty>
            <EntityAcl>
                <entriesInheriting>true</entriesInheriting>
                <owner>admin</owner>
                <ownerType>USER</ownerType>
            </EntityAcl>
        </ExportManifestProperty>
    </ExportManifestEntity>
    <ExportManifestEntity path="public/Alflytics/Dashboards/main.wcdf">
        <ExportManifestProperty>
            <EntityMetaData name="main.wcdf" createdDate="2017-03-16T19:51:37.158+01:00" isFolder="false" path="public/Alflytics/Dashboards/main.wcdf" isHidden="false" locale="en_US" title="main"/>
        </ExportManifestProperty>
        <ExportManifestProperty>
            <EntityAcl>
                <entriesInheriting>true</entriesInheriting>
                <owner>admin</owner>
                <ownerType>USER</ownerType>
            </EntityAcl>
        </ExportManifestProperty>
    </ExportManifestEntity>
</ns2:ExportManifest>
