<?xml version="1.0" encoding="UTF-8" standalone="yes"?>
<ns2:ExportManifest xmlns:ns2="http://www.pentaho.com/schema/">
    <ExportManifestInformation exportDate="19-03-2017 09:41:33 CET" exportBy="admin" rootFolder="/" manifestVersion="2"/>
    <ExportManifestEntity path="public/Alflytics">
        <ExportManifestProperty>
            <EntityMetaData name="Alflytics" createdDate="2017-03-19T07:09:20.655+01:00" isFolder="true" path="public/Alflytics" isHidden="false" locale="en_US" title="Alflytics"/>
        </ExportManifestProperty>
        <ExportManifestProperty>
            <EntityAcl>
                <entriesInheriting>true</entriesInheriting>
                <owner>admin</owner>
                <ownerType>USER</ownerType>
            </EntityAcl>
        </ExportManifestProperty>
    </ExportManifestEntity>
    <ExportManifestEntity path="public/Alflytics/OLAP">
        <ExportManifestProperty>
            <EntityMetaData name="OLAP" createdDate="2017-03-19T07:09:20.655+01:00" isFolder="true" path="public/Alflytics/OLAP" isHidden="false" locale="en_US" title="OLAP"/>
        </ExportManifestProperty>
        <ExportManifestProperty>
            <EntityAcl>
                <entriesInheriting>true</entriesInheriting>
                <owner>admin</owner>
                <ownerType>USER</ownerType>
            </EntityAcl>
        </ExportManifestProperty>
    </ExportManifestEntity>
    <ExportManifestEntity path="public/Alflytics/OLAP/alfresco audit trail.saiku">
        <ExportManifestProperty>
            <EntityMetaData name="alfresco audit trail.saiku" createdDate="2017-03-19T07:09:20.736+01:00" isFolder="false" path="public/Alflytics/OLAP/alfresco audit trail.saiku" isHidden="false" locale="en_US" title="alfresco audit trail.saiku.locale"/>
        </ExportManifestProperty>
        <ExportManifestProperty>
            <EntityAcl>
                <entriesInheriting>true</entriesInheriting>
                <owner>admin</owner>
                <ownerType>USER</ownerType>
            </EntityAcl>
        </ExportManifestProperty>
    </ExportManifestEntity>
    <ExportManifestEntity path="public/Alflytics/OLAP/alfresco categories.saiku">
        <ExportManifestProperty>
            <EntityMetaData name="alfresco categories.saiku" createdDate="2017-03-19T07:09:21.529+01:00" isFolder="false" path="public/Alflytics/OLAP/alfresco categories.saiku" isHidden="false" locale="en_US" title="alfresco categories"/>
        </ExportManifestProperty>
        <ExportManifestProperty>
            <EntityAcl>
                <entriesInheriting>true</entriesInheriting>
                <owner>admin</owner>
                <ownerType>USER</ownerType>
            </EntityAcl>
        </ExportManifestProperty>
    </ExportManifestEntity>
    <ExportManifestEntity path="public/Alflytics/OLAP/alfresco content.saiku">
        <ExportManifestProperty>
            <EntityMetaData name="alfresco content.saiku" createdDate="2017-03-19T07:09:21.239+01:00" isFolder="false" path="public/Alflytics/OLAP/alfresco content.saiku" isHidden="false" locale="en_US" title="alfresco content.saiku.locale"/>
        </ExportManifestProperty>
        <ExportManifestProperty>
            <EntityAcl>
                <entriesInheriting>true</entriesInheriting>
                <owner>admin</owner>
                <ownerType>USER</ownerType>
            </EntityAcl>
        </ExportManifestProperty>
    </ExportManifestEntity>
    <ExportManifestEntity path="public/Alflytics/OLAP/alfresco folder.saiku">
        <ExportManifestProperty>
            <EntityMetaData name="alfresco folder.saiku" createdDate="2017-03-19T07:09:20.926+01:00" isFolder="false" path="public/Alflytics/OLAP/alfresco folder.saiku" isHidden="false" locale="en_US" title="alfresco folder.saiku.locale"/>
        </ExportManifestProperty>
        <ExportManifestProperty>
            <EntityAcl>
                <entriesInheriting>true</entriesInheriting>
                <owner>admin</owner>
                <ownerType>USER</ownerType>
            </EntityAcl>
        </ExportManifestProperty>
    </ExportManifestEntity>
    <ExportManifestEntity path="public/Alflytics/OLAP/alfresco process instances.saiku">
        <ExportManifestProperty>
            <EntityMetaData name="alfresco process instances.saiku" createdDate="2017-03-19T09:31:11.211+01:00" isFolder="false" path="public/Alflytics/OLAP/alfresco process instances.saiku" isHidden="false" locale="en_US" title="alfresco process instances.saiku"/>
        </ExportManifestProperty>
        <ExportManifestProperty>
            <EntityAcl>
                <entriesInheriting>true</entriesInheriting>
                <owner>admin</owner>
                <ownerType>USER</ownerType>
            </EntityAcl>
        </ExportManifestProperty>
    </ExportManifestEntity>
    <ExportManifestEntity path="public/Alflytics/OLAP/alfresco process tasks.saiku">
        <ExportManifestProperty>
            <EntityMetaData name="alfresco process tasks.saiku" createdDate="2017-03-19T09:32:20.654+01:00" isFolder="false" path="public/Alflytics/OLAP/alfresco process tasks.saiku" isHidden="false" locale="en_US" title="alfresco process tasks.saiku"/>
        </ExportManifestProperty>
        <ExportManifestProperty>
            <EntityAcl>
                <entriesInheriting>true</entriesInheriting>
                <owner>admin</owner>
                <ownerType>USER</ownerType>
            </EntityAcl>
        </ExportManifestProperty>
    </ExportManifestEntity>
    <ExportManifestEntity path="public/Alflytics/OLAP/alfresco tags.saiku">
        <ExportManifestProperty>
            <EntityMetaData name="alfresco tags.saiku" createdDate="2017-03-19T07:09:21.087+01:00" isFolder="false" path="public/Alflytics/OLAP/alfresco tags.saiku" isHidden="false" locale="en_US" title="alfresco tags"/>
        </ExportManifestProperty>
        <ExportManifestProperty>
            <EntityAcl>
                <entriesInheriting>true</entriesInheriting>
                <owner>admin</owner>
                <ownerType>USER</ownerType>
            </EntityAcl>
        </ExportManifestProperty>
    </ExportManifestEntity>
</ns2:ExportManifest>
