<?xml version="1.0" encoding="UTF-8" standalone="yes"?>
<ns2:ExportManifest xmlns:ns2="http://www.pentaho.com/schema/">
    <ExportManifestInformation exportDate="24-03-2017 07:02:17 CET" exportBy="admin" rootFolder="/" manifestVersion="2"/>
    <ExportManifestEntity path="public/Alflytics">
        <ExportManifestProperty>
            <EntityMetaData name="Alflytics" createdDate="2017-03-16T19:33:19.335+01:00" isFolder="true" path="public/Alflytics" isHidden="false" locale="en_US" title="Alflytics"/>
        </ExportManifestProperty>
        <ExportManifestProperty>
            <EntityAcl>
                <entriesInheriting>true</entriesInheriting>
                <owner>admin</owner>
                <ownerType>USER</ownerType>
            </EntityAcl>
        </ExportManifestProperty>
    </ExportManifestEntity>
    <ExportManifestEntity path="public/Alflytics/Reports">
        <ExportManifestProperty>
            <EntityMetaData name="Reports" createdDate="2017-03-16T19:33:19.335+01:00" isFolder="true" path="public/Alflytics/Reports" isHidden="false" locale="en_US" title="Reports"/>
        </ExportManifestProperty>
        <ExportManifestProperty>
            <EntityAcl>
                <entriesInheriting>true</entriesInheriting>
                <owner>admin</owner>
                <ownerType>USER</ownerType>
            </EntityAcl>
        </ExportManifestProperty>
    </ExportManifestEntity>
    <ExportManifestEntity path="public/Alflytics/Reports/alfresco_auditTrail_actions.prpt">
        <ExportManifestProperty>
            <EntityMetaData name="alfresco_auditTrail_actions.prpt" createdDate="2017-03-20T17:03:43.748+01:00" isFolder="false" path="public/Alflytics/Reports/alfresco_auditTrail_actions.prpt" isHidden="false" locale="en_US" title="alfresco_auditTrail_actions"/>
        </ExportManifestProperty>
        <ExportManifestProperty>
            <EntityAcl>
                <entriesInheriting>true</entriesInheriting>
                <owner>admin</owner>
                <ownerType>USER</ownerType>
            </EntityAcl>
        </ExportManifestProperty>
    </ExportManifestEntity>
    <ExportManifestEntity path="public/Alflytics/Reports/alfresco_auditTrail_days.prpt">
        <ExportManifestProperty>
            <EntityMetaData name="alfresco_auditTrail_days.prpt" createdDate="2017-03-20T17:27:32.067+01:00" isFolder="false" path="public/Alflytics/Reports/alfresco_auditTrail_days.prpt" isHidden="false" locale="en_US" title="alfresco_auditTrail_days"/>
        </ExportManifestProperty>
        <ExportManifestProperty>
            <EntityAcl>
                <entriesInheriting>true</entriesInheriting>
                <owner>admin</owner>
                <ownerType>USER</ownerType>
            </EntityAcl>
        </ExportManifestProperty>
    </ExportManifestEntity>
    <ExportManifestEntity path="public/Alflytics/Reports/alfresco_auditTrail_details.prpt">
        <ExportManifestProperty>
            <EntityMetaData name="alfresco_auditTrail_details.prpt" createdDate="2017-03-20T18:12:45.936+01:00" isFolder="false" path="public/Alflytics/Reports/alfresco_auditTrail_details.prpt" isHidden="false" locale="en_US" title="alfresco_auditTrail_details"/>
        </ExportManifestProperty>
        <ExportManifestProperty>
            <EntityAcl>
                <entriesInheriting>true</entriesInheriting>
                <owner>admin</owner>
                <ownerType>USER</ownerType>
            </EntityAcl>
        </ExportManifestProperty>
    </ExportManifestEntity>
    <ExportManifestEntity path="public/Alflytics/Reports/alfresco_auditTrail_time.prpt">
        <ExportManifestProperty>
            <EntityMetaData name="alfresco_auditTrail_time.prpt" createdDate="2017-03-20T18:15:54.839+01:00" isFolder="false" path="public/Alflytics/Reports/alfresco_auditTrail_time.prpt" isHidden="false" locale="en_US" title="alfresco_auditTrail_time"/>
        </ExportManifestProperty>
        <ExportManifestProperty>
            <EntityAcl>
                <entriesInheriting>true</entriesInheriting>
                <owner>admin</owner>
                <ownerType>USER</ownerType>
            </EntityAcl>
        </ExportManifestProperty>
    </ExportManifestEntity>
    <ExportManifestEntity path="public/Alflytics/Reports/alfresco_auditTrail_topContent.prpt">
        <ExportManifestProperty>
            <EntityMetaData name="alfresco_auditTrail_topContent.prpt" createdDate="2017-03-20T20:28:42.575+01:00" isFolder="false" path="public/Alflytics/Reports/alfresco_auditTrail_topContent.prpt" isHidden="false" locale="en_US" title="alfresco_auditTrail_topContent"/>
        </ExportManifestProperty>
        <ExportManifestProperty>
            <EntityAcl>
                <entriesInheriting>true</entriesInheriting>
                <owner>admin</owner>
                <ownerType>USER</ownerType>
            </EntityAcl>
        </ExportManifestProperty>
    </ExportManifestEntity>
    <ExportManifestEntity path="public/Alflytics/Reports/alfresco_auditTrail_topUsers.prpt">
        <ExportManifestProperty>
            <EntityMetaData name="alfresco_auditTrail_topUsers.prpt" createdDate="2017-03-21T08:28:13.813+01:00" isFolder="false" path="public/Alflytics/Reports/alfresco_auditTrail_topUsers.prpt" isHidden="false" locale="en_US" title="alfresco_auditTrail_topUsers"/>
        </ExportManifestProperty>
        <ExportManifestProperty>
            <EntityAcl>
                <entriesInheriting>true</entriesInheriting>
                <owner>admin</owner>
                <ownerType>USER</ownerType>
            </EntityAcl>
        </ExportManifestProperty>
    </ExportManifestEntity>
    <ExportManifestEntity path="public/Alflytics/Reports/alfresco_auditTrail_user.prpt">
        <ExportManifestProperty>
            <EntityMetaData name="alfresco_auditTrail_user.prpt" createdDate="2017-03-21T09:08:49.713+01:00" isFolder="false" path="public/Alflytics/Reports/alfresco_auditTrail_user.prpt" isHidden="false" locale="en_US" title="alfresco_auditTrail_user"/>
        </ExportManifestProperty>
        <ExportManifestProperty>
            <EntityAcl>
                <entriesInheriting>true</entriesInheriting>
                <owner>admin</owner>
                <ownerType>USER</ownerType>
            </EntityAcl>
        </ExportManifestProperty>
    </ExportManifestEntity>
    <ExportManifestEntity path="public/Alflytics/Reports/alfresco_content_mimeTypes.prpt">
        <ExportManifestProperty>
            <EntityMetaData name="alfresco_content_mimeTypes.prpt" createdDate="2017-03-21T10:22:34.993+01:00" isFolder="false" path="public/Alflytics/Reports/alfresco_content_mimeTypes.prpt" isHidden="false" locale="en_US" title="alfresco_content_mimeTypes"/>
        </ExportManifestProperty>
        <ExportManifestProperty>
            <EntityAcl>
                <entriesInheriting>true</entriesInheriting>
                <owner>admin</owner>
                <ownerType>USER</ownerType>
            </EntityAcl>
        </ExportManifestProperty>
    </ExportManifestEntity>
    <ExportManifestEntity path="public/Alflytics/Reports/alfresco_process_instances.prpt">
        <ExportManifestProperty>
            <EntityMetaData name="alfresco_process_instances.prpt" createdDate="2017-03-24T08:39:42.936+01:00" isFolder="false" path="public/Alflytics/Reports/alfresco_process_instances.prpt" isHidden="false" locale="en_US" title="alfresco_process_instances"/>
        </ExportManifestProperty>
        <ExportManifestProperty>
            <EntityAcl>
                <entriesInheriting>true</entriesInheriting>
                <owner>admin</owner>
                <ownerType>USER</ownerType>
            </EntityAcl>
        </ExportManifestProperty>
    </ExportManifestEntity>
    <ExportManifestEntity path="public/Alflytics/Reports/alfresco_process_tasks.prpt">
        <ExportManifestProperty>
            <EntityMetaData name="alfresco_process_tasks.prpt" createdDate="2017-03-24T19:00:49.451+01:00" isFolder="false" path="public/Alflytics/Reports/alfresco_process_tasks.prpt" isHidden="false" locale="en_US" title="alfresco_process_tasks"/>
        </ExportManifestProperty>
        <ExportManifestProperty>
            <EntityAcl>
                <entriesInheriting>true</entriesInheriting>
                <owner>admin</owner>
                <ownerType>USER</ownerType>
            </EntityAcl>
        </ExportManifestProperty>
    </ExportManifestEntity>
    <ExportManifestEntity path="public/Alflytics/Reports/alfresco_repository_category.prpt">
        <ExportManifestProperty>
            <EntityMetaData name="alfresco_repository_category.prpt" createdDate="2017-03-21T16:26:27.963+01:00" isFolder="false" path="public/Alflytics/Reports/alfresco_repository_category.prpt" isHidden="false" locale="en_US" title="alfresco_repository_category"/>
        </ExportManifestProperty>
        <ExportManifestProperty>
            <EntityAcl>
                <entriesInheriting>true</entriesInheriting>
                <owner>admin</owner>
                <ownerType>USER</ownerType>
            </EntityAcl>
        </ExportManifestProperty>
    </ExportManifestEntity>
    <ExportManifestEntity path="public/Alflytics/Reports/alfresco_repository_creation.prpt">
        <ExportManifestProperty>
            <EntityMetaData name="alfresco_repository_creation.prpt" createdDate="2017-03-21T11:00:05.797+01:00" isFolder="false" path="public/Alflytics/Reports/alfresco_repository_creation.prpt" isHidden="false" locale="en_US" title="alfresco_repository_creation"/>
        </ExportManifestProperty>
        <ExportManifestProperty>
            <EntityAcl>
                <entriesInheriting>true</entriesInheriting>
                <owner>admin</owner>
                <ownerType>USER</ownerType>
            </EntityAcl>
        </ExportManifestProperty>
    </ExportManifestEntity>
    <ExportManifestEntity path="public/Alflytics/Reports/alfresco_repository_creator.prpt">
        <ExportManifestProperty>
            <EntityMetaData name="alfresco_repository_creator.prpt" createdDate="2017-03-21T14:52:28.741+01:00" isFolder="false" path="public/Alflytics/Reports/alfresco_repository_creator.prpt" isHidden="false" locale="en_US" title="alfresco_repository_creator"/>
        </ExportManifestProperty>
        <ExportManifestProperty>
            <EntityAcl>
                <entriesInheriting>true</entriesInheriting>
                <owner>admin</owner>
                <ownerType>USER</ownerType>
            </EntityAcl>
        </ExportManifestProperty>
    </ExportManifestEntity>
    <ExportManifestEntity path="public/Alflytics/Reports/alfresco_repository_modification.prpt">
        <ExportManifestProperty>
            <EntityMetaData name="alfresco_repository_modification.prpt" createdDate="2017-03-21T13:16:57.099+01:00" isFolder="false" path="public/Alflytics/Reports/alfresco_repository_modification.prpt" isHidden="false" locale="en_US" title="alfresco_repository_modification"/>
        </ExportManifestProperty>
        <ExportManifestProperty>
            <EntityAcl>
                <entriesInheriting>true</entriesInheriting>
                <owner>admin</owner>
                <ownerType>USER</ownerType>
            </EntityAcl>
        </ExportManifestProperty>
    </ExportManifestEntity>
    <ExportManifestEntity path="public/Alflytics/Reports/alfresco_repository_modifier.prpt">
        <ExportManifestProperty>
            <EntityMetaData name="alfresco_repository_modifier.prpt" createdDate="2017-03-21T15:58:45.413+01:00" isFolder="false" path="public/Alflytics/Reports/alfresco_repository_modifier.prpt" isHidden="false" locale="en_US" title="alfresco_repository_modifier"/>
        </ExportManifestProperty>
        <ExportManifestProperty>
            <EntityAcl>
                <entriesInheriting>true</entriesInheriting>
                <owner>admin</owner>
                <ownerType>USER</ownerType>
            </EntityAcl>
        </ExportManifestProperty>
    </ExportManifestEntity>
    <ExportManifestEntity path="public/Alflytics/Reports/alfresco_repository_nodeTypes.prpt">
        <ExportManifestProperty>
            <EntityMetaData name="alfresco_repository_nodeTypes.prpt" createdDate="2017-03-21T10:18:28.860+01:00" isFolder="false" path="public/Alflytics/Reports/alfresco_repository_nodeTypes.prpt" isHidden="false" locale="en_US" title="alfresco_repository_nodeTypes"/>
        </ExportManifestProperty>
        <ExportManifestProperty>
            <EntityAcl>
                <entriesInheriting>true</entriesInheriting>
                <owner>admin</owner>
                <ownerType>USER</ownerType>
            </EntityAcl>
        </ExportManifestProperty>
    </ExportManifestEntity>
    <ExportManifestEntity path="public/Alflytics/Reports/alfresco_repository_owner.prpt">
        <ExportManifestProperty>
            <EntityMetaData name="alfresco_repository_owner.prpt" createdDate="2017-03-21T16:03:23.314+01:00" isFolder="false" path="public/Alflytics/Reports/alfresco_repository_owner.prpt" isHidden="false" locale="en_US" title="alfresco_repository_owner"/>
        </ExportManifestProperty>
        <ExportManifestProperty>
            <EntityAcl>
                <entriesInheriting>true</entriesInheriting>
                <owner>admin</owner>
                <ownerType>USER</ownerType>
            </EntityAcl>
        </ExportManifestProperty>
    </ExportManifestEntity>
    <ExportManifestEntity path="public/Alflytics/Reports/alfresco_repository_summary.prpt">
        <ExportManifestProperty>
            <EntityMetaData name="alfresco_repository_summary.prpt" createdDate="2017-03-21T14:03:48.475+01:00" isFolder="false" path="public/Alflytics/Reports/alfresco_repository_summary.prpt" isHidden="false" locale="en_US" title="alfresco_repository_summary"/>
        </ExportManifestProperty>
        <ExportManifestProperty>
            <EntityAcl>
                <entriesInheriting>true</entriesInheriting>
                <owner>admin</owner>
                <ownerType>USER</ownerType>
            </EntityAcl>
        </ExportManifestProperty>
    </ExportManifestEntity>
    <ExportManifestEntity path="public/Alflytics/Reports/alfresco_repository_tag.prpt">
        <ExportManifestProperty>
            <EntityMetaData name="alfresco_repository_tag.prpt" createdDate="2017-03-21T16:31:58.664+01:00" isFolder="false" path="public/Alflytics/Reports/alfresco_repository_tag.prpt" isHidden="false" locale="en_US" title="alfresco_repository_tag"/>
        </ExportManifestProperty>
        <ExportManifestProperty>
            <EntityAcl>
                <entriesInheriting>true</entriesInheriting>
                <owner>admin</owner>
                <ownerType>USER</ownerType>
            </EntityAcl>
        </ExportManifestProperty>
    </ExportManifestEntity>
    <ExportManifestEntity path="public/Alflytics/Reports/alfresco_repository_topCategories.prpt">
        <ExportManifestProperty>
            <EntityMetaData name="alfresco_repository_topCategories.prpt" createdDate="2017-03-21T17:19:09.120+01:00" isFolder="false" path="public/Alflytics/Reports/alfresco_repository_topCategories.prpt" isHidden="false" locale="en_US" title="alfresco_repository_topCategories"/>
        </ExportManifestProperty>
        <ExportManifestProperty>
            <EntityAcl>
                <entriesInheriting>true</entriesInheriting>
                <owner>admin</owner>
                <ownerType>USER</ownerType>
            </EntityAcl>
        </ExportManifestProperty>
    </ExportManifestEntity>
    <ExportManifestEntity path="public/Alflytics/Reports/alfresco_repository_topTags.prpt">
        <ExportManifestProperty>
            <EntityMetaData name="alfresco_repository_topTags.prpt" createdDate="2017-03-21T17:24:56.619+01:00" isFolder="false" path="public/Alflytics/Reports/alfresco_repository_topTags.prpt" isHidden="false" locale="en_US" title="alfresco_repository_topTags"/>
        </ExportManifestProperty>
        <ExportManifestProperty>
            <EntityAcl>
                <entriesInheriting>true</entriesInheriting>
                <owner>admin</owner>
                <ownerType>USER</ownerType>
            </EntityAcl>
        </ExportManifestProperty>
    </ExportManifestEntity>
</ns2:ExportManifest>
