<?xml version="1.0" encoding="UTF-8" standalone="yes"?>
<ns2:ExportManifest xmlns:ns2="http://www.pentaho.com/schema/">
    <ExportManifestInformation exportDate="26-03-2017 07:51:51 CEST" exportBy="admin" rootFolder="/" manifestVersion="2"/>
    <ExportManifestEntity path="public/Alflytics">
        <ExportManifestProperty>
            <EntityMetaData name="Alflytics" createdDate="2017-03-16T19:24:33.518+01:00" isFolder="true" path="public/Alflytics" isHidden="false" locale="en_US" title="Alflytics"/>
        </ExportManifestProperty>
        <ExportManifestProperty>
            <EntityAcl>
                <entriesInheriting>true</entriesInheriting>
                <owner>admin</owner>
                <ownerType>USER</ownerType>
            </EntityAcl>
        </ExportManifestProperty>
    </ExportManifestEntity>
    <ExportManifestEntity path="public/Alflytics/ETL">
        <ExportManifestProperty>
            <EntityMetaData name="ETL" createdDate="2017-03-16T19:24:33.518+01:00" isFolder="true" path="public/Alflytics/ETL" isHidden="false" locale="en_US" title="ETL"/>
        </ExportManifestProperty>
        <ExportManifestProperty>
            <EntityAcl>
                <entriesInheriting>true</entriesInheriting>
                <owner>admin</owner>
                <ownerType>USER</ownerType>
            </EntityAcl>
        </ExportManifestProperty>
    </ExportManifestEntity>
    <ExportManifestEntity path="public/Alflytics/ETL/Build schema.kjb">
        <ExportManifestProperty>
            <EntityMetaData name="Build schema.kjb" createdDate="2017-03-16T19:24:56.248+01:00" isFolder="false" path="public/Alflytics/ETL/Build schema.kjb" isHidden="true" locale="en_US" title="Build schema"/>
        </ExportManifestProperty>
        <ExportManifestProperty>
            <EntityAcl>
                <entriesInheriting>true</entriesInheriting>
                <owner>admin</owner>
                <ownerType>USER</ownerType>
            </EntityAcl>
        </ExportManifestProperty>
    </ExportManifestEntity>
    <ExportManifestEntity path="public/Alflytics/ETL/Data warehouse">
        <ExportManifestProperty>
            <EntityMetaData name="Data warehouse" createdDate="2017-03-16T19:25:00.739+01:00" isFolder="true" path="public/Alflytics/ETL/Data warehouse" isHidden="false" locale="en_US" title="Warehouse"/>
        </ExportManifestProperty>
        <ExportManifestProperty>
            <EntityAcl>
                <entriesInheriting>true</entriesInheriting>
                <owner>admin</owner>
                <ownerType>USER</ownerType>
            </EntityAcl>
        </ExportManifestProperty>
    </ExportManifestEntity>
    <ExportManifestEntity path="public/Alflytics/ETL/Data warehouse/Alfresco audit trail">
        <ExportManifestProperty>
            <EntityMetaData name="Alfresco audit trail" createdDate="2017-03-16T19:25:04.915+01:00" isFolder="true" path="public/Alflytics/ETL/Data warehouse/Alfresco audit trail" isHidden="false" locale="en_US" title="Alfresco audit trail"/>
        </ExportManifestProperty>
        <ExportManifestProperty>
            <EntityAcl>
                <entriesInheriting>true</entriesInheriting>
                <owner>admin</owner>
                <ownerType>USER</ownerType>
            </EntityAcl>
        </ExportManifestProperty>
    </ExportManifestEntity>
    <ExportManifestEntity path="public/Alflytics/ETL/Data warehouse/Alfresco audit trail/Get Alfresco audit trail in warehouse.kjb">
        <ExportManifestProperty>
            <EntityMetaData name="Get Alfresco audit trail in warehouse.kjb" createdDate="2017-03-16T19:25:04.936+01:00" isFolder="false" path="public/Alflytics/ETL/Data warehouse/Alfresco audit trail/Get Alfresco audit trail in warehouse.kjb" isHidden="true" locale="en_US" title="Get Alfresco audit trail in warehouse"/>
        </ExportManifestProperty>
        <ExportManifestProperty>
            <EntityAcl>
                <entriesInheriting>true</entriesInheriting>
                <owner>admin</owner>
                <ownerType>USER</ownerType>
            </EntityAcl>
        </ExportManifestProperty>
    </ExportManifestEntity>
    <ExportManifestEntity path="public/Alflytics/ETL/Data warehouse/Alfresco processes">
        <ExportManifestProperty>
            <EntityMetaData name="Alfresco processes" createdDate="2017-03-16T19:25:05.168+01:00" isFolder="true" path="public/Alflytics/ETL/Data warehouse/Alfresco processes" isHidden="false" locale="en_US" title="Alfresco processes"/>
        </ExportManifestProperty>
        <ExportManifestProperty>
            <EntityAcl>
                <entriesInheriting>true</entriesInheriting>
                <owner>admin</owner>
                <ownerType>USER</ownerType>
            </EntityAcl>
        </ExportManifestProperty>
    </ExportManifestEntity>
    <ExportManifestEntity path="public/Alflytics/ETL/Data warehouse/Alfresco processes/Get Alfresco processes in warehouse.kjb">
        <ExportManifestProperty>
            <EntityMetaData name="Get Alfresco processes in warehouse.kjb" createdDate="2017-03-16T19:25:05.198+01:00" isFolder="false" path="public/Alflytics/ETL/Data warehouse/Alfresco processes/Get Alfresco processes in warehouse.kjb" isHidden="true" locale="en_US" title="Get Alfresco processes in warehouse"/>
        </ExportManifestProperty>
        <ExportManifestProperty>
            <EntityAcl>
                <entriesInheriting>true</entriesInheriting>
                <owner>admin</owner>
                <ownerType>USER</ownerType>
            </EntityAcl>
        </ExportManifestProperty>
    </ExportManifestEntity>
    <ExportManifestEntity path="public/Alflytics/ETL/Data warehouse/Alfresco repository">
        <ExportManifestProperty>
            <EntityMetaData name="Alfresco repository" createdDate="2017-03-16T19:25:03.028+01:00" isFolder="true" path="public/Alflytics/ETL/Data warehouse/Alfresco repository" isHidden="false" locale="en_US" title="Alfresco repository"/>
        </ExportManifestProperty>
        <ExportManifestProperty>
            <EntityAcl>
                <entriesInheriting>true</entriesInheriting>
                <owner>admin</owner>
                <ownerType>USER</ownerType>
            </EntityAcl>
        </ExportManifestProperty>
    </ExportManifestEntity>
    <ExportManifestEntity path="public/Alflytics/ETL/Data warehouse/Alfresco repository/Get Alfresco categories in warehouse.kjb">
        <ExportManifestProperty>
            <EntityMetaData name="Get Alfresco categories in warehouse.kjb" createdDate="2017-03-16T19:25:04.116+01:00" isFolder="false" path="public/Alflytics/ETL/Data warehouse/Alfresco repository/Get Alfresco categories in warehouse.kjb" isHidden="true" locale="en_US" title="Get Alfresco categories in warehouse"/>
        </ExportManifestProperty>
        <ExportManifestProperty>
            <EntityAcl>
                <entriesInheriting>true</entriesInheriting>
                <owner>admin</owner>
                <ownerType>USER</ownerType>
            </EntityAcl>
        </ExportManifestProperty>
    </ExportManifestEntity>
    <ExportManifestEntity path="public/Alflytics/ETL/Data warehouse/Alfresco repository/Get Alfresco contents in warehouse.kjb">
        <ExportManifestProperty>
            <EntityMetaData name="Get Alfresco contents in warehouse.kjb" createdDate="2017-03-16T19:25:03.056+01:00" isFolder="false" path="public/Alflytics/ETL/Data warehouse/Alfresco repository/Get Alfresco contents in warehouse.kjb" isHidden="true" locale="en_US" title="Get Alfresco contents in warehouse"/>
        </ExportManifestProperty>
        <ExportManifestProperty>
            <EntityAcl>
                <entriesInheriting>true</entriesInheriting>
                <owner>admin</owner>
                <ownerType>USER</ownerType>
            </EntityAcl>
        </ExportManifestProperty>
    </ExportManifestEntity>
    <ExportManifestEntity path="public/Alflytics/ETL/Data warehouse/Alfresco repository/Get Alfresco folders in warehouse.kjb">
        <ExportManifestProperty>
            <EntityMetaData name="Get Alfresco folders in warehouse.kjb" createdDate="2017-03-16T19:25:03.319+01:00" isFolder="false" path="public/Alflytics/ETL/Data warehouse/Alfresco repository/Get Alfresco folders in warehouse.kjb" isHidden="true" locale="en_US" title="Get Alfresco folders in warehouse"/>
        </ExportManifestProperty>
        <ExportManifestProperty>
            <EntityAcl>
                <entriesInheriting>true</entriesInheriting>
                <owner>admin</owner>
                <ownerType>USER</ownerType>
            </EntityAcl>
        </ExportManifestProperty>
    </ExportManifestEntity>
    <ExportManifestEntity path="public/Alflytics/ETL/Data warehouse/Alfresco repository/Get Alfresco mime types in warehouse.kjb">
        <ExportManifestProperty>
            <EntityMetaData name="Get Alfresco mime types in warehouse.kjb" createdDate="2017-03-16T19:25:03.641+01:00" isFolder="false" path="public/Alflytics/ETL/Data warehouse/Alfresco repository/Get Alfresco mime types in warehouse.kjb" isHidden="true" locale="en_US" title="Get Alfresco mime types in warehouse"/>
        </ExportManifestProperty>
        <ExportManifestProperty>
            <EntityAcl>
                <entriesInheriting>true</entriesInheriting>
                <owner>admin</owner>
                <ownerType>USER</ownerType>
            </EntityAcl>
        </ExportManifestProperty>
    </ExportManifestEntity>
    <ExportManifestEntity path="public/Alflytics/ETL/Data warehouse/Alfresco repository/Get Alfresco node types in warehouse.kjb">
        <ExportManifestProperty>
            <EntityMetaData name="Get Alfresco node types in warehouse.kjb" createdDate="2017-03-16T19:25:03.979+01:00" isFolder="false" path="public/Alflytics/ETL/Data warehouse/Alfresco repository/Get Alfresco node types in warehouse.kjb" isHidden="true" locale="en_US" title="Get Alfresco node types in warehouse"/>
        </ExportManifestProperty>
        <ExportManifestProperty>
            <EntityAcl>
                <entriesInheriting>true</entriesInheriting>
                <owner>admin</owner>
                <ownerType>USER</ownerType>
            </EntityAcl>
        </ExportManifestProperty>
    </ExportManifestEntity>
    <ExportManifestEntity path="public/Alflytics/ETL/Data warehouse/Alfresco repository/Get Alfresco nodes from operational in warehouse.ktr">
        <ExportManifestProperty>
            <EntityMetaData name="Get Alfresco nodes from operational in warehouse.ktr" createdDate="2017-03-16T19:25:03.806+01:00" isFolder="false" path="public/Alflytics/ETL/Data warehouse/Alfresco repository/Get Alfresco nodes from operational in warehouse.ktr" isHidden="true" locale="en_US" title="Get Alfresco nodes from operational in warehouse"/>
        </ExportManifestProperty>
        <ExportManifestProperty>
            <EntityAcl>
                <entriesInheriting>true</entriesInheriting>
                <owner>admin</owner>
                <ownerType>USER</ownerType>
            </EntityAcl>
        </ExportManifestProperty>
    </ExportManifestEntity>
    <ExportManifestEntity path="public/Alflytics/ETL/Data warehouse/Alfresco repository/Get Alfresco repository in warehouse.kjb">
        <ExportManifestProperty>
            <EntityMetaData name="Get Alfresco repository in warehouse.kjb" createdDate="2017-03-16T19:25:04.398+01:00" isFolder="false" path="public/Alflytics/ETL/Data warehouse/Alfresco repository/Get Alfresco repository in warehouse.kjb" isHidden="true" locale="en_US" title="Get Alfresco repository in warehouse"/>
        </ExportManifestProperty>
        <ExportManifestProperty>
            <EntityAcl>
                <entriesInheriting>true</entriesInheriting>
                <owner>admin</owner>
                <ownerType>USER</ownerType>
            </EntityAcl>
        </ExportManifestProperty>
    </ExportManifestEntity>
    <ExportManifestEntity path="public/Alflytics/ETL/Data warehouse/Alfresco users">
        <ExportManifestProperty>
            <EntityMetaData name="Alfresco users" createdDate="2017-03-16T19:25:04.730+01:00" isFolder="true" path="public/Alflytics/ETL/Data warehouse/Alfresco users" isHidden="false" locale="en_US" title="Alfresco users"/>
        </ExportManifestProperty>
        <ExportManifestProperty>
            <EntityAcl>
                <entriesInheriting>true</entriesInheriting>
                <owner>admin</owner>
                <ownerType>USER</ownerType>
            </EntityAcl>
        </ExportManifestProperty>
    </ExportManifestEntity>
    <ExportManifestEntity path="public/Alflytics/ETL/Data warehouse/Alfresco users/Get Alfresco users in warehouse.kjb">
        <ExportManifestProperty>
            <EntityMetaData name="Get Alfresco users in warehouse.kjb" createdDate="2017-03-16T19:25:04.758+01:00" isFolder="false" path="public/Alflytics/ETL/Data warehouse/Alfresco users/Get Alfresco users in warehouse.kjb" isHidden="true" locale="en_US" title="Get Alfresco users in warehouse"/>
        </ExportManifestProperty>
        <ExportManifestProperty>
            <EntityAcl>
                <entriesInheriting>true</entriesInheriting>
                <owner>admin</owner>
                <ownerType>USER</ownerType>
            </EntityAcl>
        </ExportManifestProperty>
    </ExportManifestEntity>
    <ExportManifestEntity path="public/Alflytics/ETL/Data warehouse/Util">
        <ExportManifestProperty>
            <EntityMetaData name="Util" createdDate="2017-03-16T19:25:00.758+01:00" isFolder="true" path="public/Alflytics/ETL/Data warehouse/Util" isHidden="false" locale="en_US" title="Util"/>
        </ExportManifestProperty>
        <ExportManifestProperty>
            <EntityAcl>
                <entriesInheriting>true</entriesInheriting>
                <owner>admin</owner>
                <ownerType>USER</ownerType>
            </EntityAcl>
        </ExportManifestProperty>
    </ExportManifestEntity>
    <ExportManifestEntity path="public/Alflytics/ETL/Data warehouse/Util/Generate dates in warehouse.kjb">
        <ExportManifestProperty>
            <EntityMetaData name="Generate dates in warehouse.kjb" createdDate="2017-03-16T19:25:02.174+01:00" isFolder="false" path="public/Alflytics/ETL/Data warehouse/Util/Generate dates in warehouse.kjb" isHidden="true" locale="en_US" title="Generate dates in warehouse"/>
        </ExportManifestProperty>
        <ExportManifestProperty>
            <EntityAcl>
                <entriesInheriting>true</entriesInheriting>
                <owner>admin</owner>
                <ownerType>USER</ownerType>
            </EntityAcl>
        </ExportManifestProperty>
    </ExportManifestEntity>
    <ExportManifestEntity path="public/Alflytics/ETL/Data warehouse/Util/Generate dates in warehouse.ktr">
        <ExportManifestProperty>
            <EntityMetaData name="Generate dates in warehouse.ktr" createdDate="2017-03-16T19:25:01.774+01:00" isFolder="false" path="public/Alflytics/ETL/Data warehouse/Util/Generate dates in warehouse.ktr" isHidden="true" locale="en_US" title="Generate dates in warehouse"/>
        </ExportManifestProperty>
        <ExportManifestProperty>
            <EntityAcl>
                <entriesInheriting>true</entriesInheriting>
                <owner>admin</owner>
                <ownerType>USER</ownerType>
            </EntityAcl>
        </ExportManifestProperty>
    </ExportManifestEntity>
    <ExportManifestEntity path="public/Alflytics/ETL/Data warehouse/Util/Generate hours in warehouse.ktr">
        <ExportManifestProperty>
            <EntityMetaData name="Generate hours in warehouse.ktr" createdDate="2017-03-16T19:25:01.557+01:00" isFolder="false" path="public/Alflytics/ETL/Data warehouse/Util/Generate hours in warehouse.ktr" isHidden="true" locale="en_US" title="Generate hours in warehouse"/>
        </ExportManifestProperty>
        <ExportManifestProperty>
            <EntityAcl>
                <entriesInheriting>true</entriesInheriting>
                <owner>admin</owner>
                <ownerType>USER</ownerType>
            </EntityAcl>
        </ExportManifestProperty>
    </ExportManifestEntity>
    <ExportManifestEntity path="public/Alflytics/ETL/Data warehouse/Util/Generate minutes in warehouse.ktr">
        <ExportManifestProperty>
            <EntityMetaData name="Generate minutes in warehouse.ktr" createdDate="2017-03-16T19:25:00.813+01:00" isFolder="false" path="public/Alflytics/ETL/Data warehouse/Util/Generate minutes in warehouse.ktr" isHidden="true" locale="en_US" title="Generate minutes in warehouse"/>
        </ExportManifestProperty>
        <ExportManifestProperty>
            <EntityAcl>
                <entriesInheriting>true</entriesInheriting>
                <owner>admin</owner>
                <ownerType>USER</ownerType>
            </EntityAcl>
        </ExportManifestProperty>
    </ExportManifestEntity>
    <ExportManifestEntity path="public/Alflytics/ETL/Data warehouse/Util/Generate months in warehouse.ktr">
        <ExportManifestProperty>
            <EntityMetaData name="Generate months in warehouse.ktr" createdDate="2017-03-16T19:25:01.245+01:00" isFolder="false" path="public/Alflytics/ETL/Data warehouse/Util/Generate months in warehouse.ktr" isHidden="true" locale="en_US" title="Generate months in warehouse"/>
        </ExportManifestProperty>
        <ExportManifestProperty>
            <EntityAcl>
                <entriesInheriting>true</entriesInheriting>
                <owner>admin</owner>
                <ownerType>USER</ownerType>
            </EntityAcl>
        </ExportManifestProperty>
    </ExportManifestEntity>
    <ExportManifestEntity path="public/Alflytics/ETL/Data warehouse/Util/Generate time in warehouse.kjb">
        <ExportManifestProperty>
            <EntityMetaData name="Generate time in warehouse.kjb" createdDate="2017-03-16T19:25:02.853+01:00" isFolder="false" path="public/Alflytics/ETL/Data warehouse/Util/Generate time in warehouse.kjb" isHidden="true" locale="en_US" title="Generate time in warehouse"/>
        </ExportManifestProperty>
        <ExportManifestProperty>
            <EntityAcl>
                <entriesInheriting>true</entriesInheriting>
                <owner>admin</owner>
                <ownerType>USER</ownerType>
            </EntityAcl>
        </ExportManifestProperty>
    </ExportManifestEntity>
    <ExportManifestEntity path="public/Alflytics/ETL/Data warehouse/Util/Generate years in warehouse.ktr">
        <ExportManifestProperty>
            <EntityMetaData name="Generate years in warehouse.ktr" createdDate="2017-03-16T19:25:01.023+01:00" isFolder="false" path="public/Alflytics/ETL/Data warehouse/Util/Generate years in warehouse.ktr" isHidden="true" locale="en_US" title="Generate years in warehouse"/>
        </ExportManifestProperty>
        <ExportManifestProperty>
            <EntityAcl>
                <entriesInheriting>true</entriesInheriting>
                <owner>admin</owner>
                <ownerType>USER</ownerType>
            </EntityAcl>
        </ExportManifestProperty>
    </ExportManifestEntity>
    <ExportManifestEntity path="public/Alflytics/ETL/Get all.kjb">
        <ExportManifestProperty>
            <EntityMetaData name="Get all.kjb" createdDate="2017-03-16T19:25:00.337+01:00" isFolder="false" path="public/Alflytics/ETL/Get all.kjb" isHidden="true" locale="en_US" title="Get all"/>
        </ExportManifestProperty>
        <ExportManifestProperty>
            <EntityAcl>
                <entriesInheriting>true</entriesInheriting>
                <owner>admin</owner>
                <ownerType>USER</ownerType>
            </EntityAcl>
        </ExportManifestProperty>
    </ExportManifestEntity>
    <ExportManifestEntity path="public/Alflytics/ETL/Init.kjb">
        <ExportManifestProperty>
            <EntityMetaData name="Init.kjb" createdDate="2017-03-16T19:25:00.585+01:00" isFolder="false" path="public/Alflytics/ETL/Init.kjb" isHidden="true" locale="en_US" title="Init"/>
        </ExportManifestProperty>
        <ExportManifestProperty>
            <EntityAcl>
                <entriesInheriting>true</entriesInheriting>
                <owner>admin</owner>
                <ownerType>USER</ownerType>
            </EntityAcl>
        </ExportManifestProperty>
    </ExportManifestEntity>
    <ExportManifestEntity path="public/Alflytics/ETL/Operational">
        <ExportManifestProperty>
            <EntityMetaData name="Operational" createdDate="2017-03-16T19:24:56.526+01:00" isFolder="true" path="public/Alflytics/ETL/Operational" isHidden="false" locale="en_US" title="Operational"/>
        </ExportManifestProperty>
        <ExportManifestProperty>
            <EntityAcl>
                <entriesInheriting>true</entriesInheriting>
                <owner>admin</owner>
                <ownerType>USER</ownerType>
            </EntityAcl>
        </ExportManifestProperty>
    </ExportManifestEntity>
    <ExportManifestEntity path="public/Alflytics/ETL/Operational/Alfresco audit trail">
        <ExportManifestProperty>
            <EntityMetaData name="Alfresco audit trail" createdDate="2017-03-16T19:24:58.849+01:00" isFolder="true" path="public/Alflytics/ETL/Operational/Alfresco audit trail" isHidden="false" locale="en_US" title="Alfresco audit trail"/>
        </ExportManifestProperty>
        <ExportManifestProperty>
            <EntityAcl>
                <entriesInheriting>true</entriesInheriting>
                <owner>admin</owner>
                <ownerType>USER</ownerType>
            </EntityAcl>
        </ExportManifestProperty>
    </ExportManifestEntity>
    <ExportManifestEntity path="public/Alflytics/ETL/Operational/Alfresco audit trail/Delete Alfresco audit trail in operational.ktr">
        <ExportManifestProperty>
            <EntityMetaData name="Delete Alfresco audit trail in operational.ktr" createdDate="2017-03-16T19:24:59.109+01:00" isFolder="false" path="public/Alflytics/ETL/Operational/Alfresco audit trail/Delete Alfresco audit trail in operational.ktr" isHidden="true" locale="en_US" title="Delete Alfresco audit trail in operational"/>
        </ExportManifestProperty>
        <ExportManifestProperty>
            <EntityAcl>
                <entriesInheriting>true</entriesInheriting>
                <owner>admin</owner>
                <ownerType>USER</ownerType>
            </EntityAcl>
        </ExportManifestProperty>
    </ExportManifestEntity>
    <ExportManifestEntity path="public/Alflytics/ETL/Operational/Alfresco audit trail/Get Alfresco audit trail from staging in operational.ktr">
        <ExportManifestProperty>
            <EntityMetaData name="Get Alfresco audit trail from staging in operational.ktr" createdDate="2017-03-16T19:24:59.348+01:00" isFolder="false" path="public/Alflytics/ETL/Operational/Alfresco audit trail/Get Alfresco audit trail from staging in operational.ktr" isHidden="true" locale="en_US" title="Get Alfresco audit trail from staging in operational"/>
        </ExportManifestProperty>
        <ExportManifestProperty>
            <EntityAcl>
                <entriesInheriting>true</entriesInheriting>
                <owner>admin</owner>
                <ownerType>USER</ownerType>
            </EntityAcl>
        </ExportManifestProperty>
    </ExportManifestEntity>
    <ExportManifestEntity path="public/Alflytics/ETL/Operational/Alfresco audit trail/Get Alfresco audit trail in operational.kjb">
        <ExportManifestProperty>
            <EntityMetaData name="Get Alfresco audit trail in operational.kjb" createdDate="2017-03-16T19:24:58.887+01:00" isFolder="false" path="public/Alflytics/ETL/Operational/Alfresco audit trail/Get Alfresco audit trail in operational.kjb" isHidden="true" locale="en_US" title="Get Alfresco audit trail in operational"/>
        </ExportManifestProperty>
        <ExportManifestProperty>
            <EntityAcl>
                <entriesInheriting>true</entriesInheriting>
                <owner>admin</owner>
                <ownerType>USER</ownerType>
            </EntityAcl>
        </ExportManifestProperty>
    </ExportManifestEntity>
    <ExportManifestEntity path="public/Alflytics/ETL/Operational/Alfresco processes">
        <ExportManifestProperty>
            <EntityMetaData name="Alfresco processes" createdDate="2017-03-16T19:24:59.509+01:00" isFolder="true" path="public/Alflytics/ETL/Operational/Alfresco processes" isHidden="false" locale="en_US" title="Alfresco processes"/>
        </ExportManifestProperty>
        <ExportManifestProperty>
            <EntityAcl>
                <entriesInheriting>true</entriesInheriting>
                <owner>admin</owner>
                <ownerType>USER</ownerType>
            </EntityAcl>
        </ExportManifestProperty>
    </ExportManifestEntity>
    <ExportManifestEntity path="public/Alflytics/ETL/Operational/Alfresco processes/Get Alfresco processes from staging in operational.ktr">
        <ExportManifestProperty>
            <EntityMetaData name="Get Alfresco processes from staging in operational.ktr" createdDate="2017-03-16T19:25:00.163+01:00" isFolder="false" path="public/Alflytics/ETL/Operational/Alfresco processes/Get Alfresco processes from staging in operational.ktr" isHidden="true" locale="en_US" title="Get Alfresco processes from staging in operational"/>
        </ExportManifestProperty>
        <ExportManifestProperty>
            <EntityAcl>
                <entriesInheriting>true</entriesInheriting>
                <owner>admin</owner>
                <ownerType>USER</ownerType>
            </EntityAcl>
        </ExportManifestProperty>
    </ExportManifestEntity>
    <ExportManifestEntity path="public/Alflytics/ETL/Operational/Alfresco processes/Get Alfresco processes in operational.kjb">
        <ExportManifestProperty>
            <EntityMetaData name="Get Alfresco processes in operational.kjb" createdDate="2017-03-16T19:24:59.579+01:00" isFolder="false" path="public/Alflytics/ETL/Operational/Alfresco processes/Get Alfresco processes in operational.kjb" isHidden="true" locale="en_US" title="Get Alfresco processes in operational"/>
        </ExportManifestProperty>
        <ExportManifestProperty>
            <EntityAcl>
                <entriesInheriting>true</entriesInheriting>
                <owner>admin</owner>
                <ownerType>USER</ownerType>
            </EntityAcl>
        </ExportManifestProperty>
    </ExportManifestEntity>
    <ExportManifestEntity path="public/Alflytics/ETL/Operational/Alfresco repository">
        <ExportManifestProperty>
            <EntityMetaData name="Alfresco repository" createdDate="2017-03-16T19:24:56.565+01:00" isFolder="true" path="public/Alflytics/ETL/Operational/Alfresco repository" isHidden="false" locale="en_US" title="Alfresco repository"/>
        </ExportManifestProperty>
        <ExportManifestProperty>
            <EntityAcl>
                <entriesInheriting>true</entriesInheriting>
                <owner>admin</owner>
                <ownerType>USER</ownerType>
            </EntityAcl>
        </ExportManifestProperty>
    </ExportManifestEntity>
    <ExportManifestEntity path="public/Alflytics/ETL/Operational/Alfresco repository/Delete Alfresco repository in operational.ktr">
        <ExportManifestProperty>
            <EntityMetaData name="Delete Alfresco repository in operational.ktr" createdDate="2017-03-16T19:24:57.019+01:00" isFolder="false" path="public/Alflytics/ETL/Operational/Alfresco repository/Delete Alfresco repository in operational.ktr" isHidden="true" locale="en_US" title="Delete Alfresco repository in operational"/>
        </ExportManifestProperty>
        <ExportManifestProperty>
            <EntityAcl>
                <entriesInheriting>true</entriesInheriting>
                <owner>admin</owner>
                <ownerType>USER</ownerType>
            </EntityAcl>
        </ExportManifestProperty>
    </ExportManifestEntity>
    <ExportManifestEntity path="public/Alflytics/ETL/Operational/Alfresco repository/Get Alfresco nodes from staging in operational.ktr">
        <ExportManifestProperty>
            <EntityMetaData name="Get Alfresco nodes from staging in operational.ktr" createdDate="2017-03-16T19:24:57.207+01:00" isFolder="false" path="public/Alflytics/ETL/Operational/Alfresco repository/Get Alfresco nodes from staging in operational.ktr" isHidden="true" locale="en_US" title="Get Alfresco nodes from staging in operational"/>
        </ExportManifestProperty>
        <ExportManifestProperty>
            <EntityAcl>
                <entriesInheriting>true</entriesInheriting>
                <owner>admin</owner>
                <ownerType>USER</ownerType>
            </EntityAcl>
        </ExportManifestProperty>
    </ExportManifestEntity>
    <ExportManifestEntity path="public/Alflytics/ETL/Operational/Alfresco repository/Get Alfresco repository in operational.kjb">
        <ExportManifestProperty>
            <EntityMetaData name="Get Alfresco repository in operational.kjb" createdDate="2017-03-16T19:24:56.612+01:00" isFolder="false" path="public/Alflytics/ETL/Operational/Alfresco repository/Get Alfresco repository in operational.kjb" isHidden="true" locale="en_US" title="Get Alfresco repository in operational"/>
        </ExportManifestProperty>
        <ExportManifestProperty>
            <EntityAcl>
                <entriesInheriting>true</entriesInheriting>
                <owner>admin</owner>
                <ownerType>USER</ownerType>
            </EntityAcl>
        </ExportManifestProperty>
    </ExportManifestEntity>
    <ExportManifestEntity path="public/Alflytics/ETL/Operational/Alfresco users">
        <ExportManifestProperty>
            <EntityMetaData name="Alfresco users" createdDate="2017-03-16T19:24:57.661+01:00" isFolder="true" path="public/Alflytics/ETL/Operational/Alfresco users" isHidden="false" locale="en_US" title="Alfresco users"/>
        </ExportManifestProperty>
        <ExportManifestProperty>
            <EntityAcl>
                <entriesInheriting>true</entriesInheriting>
                <owner>admin</owner>
                <ownerType>USER</ownerType>
            </EntityAcl>
        </ExportManifestProperty>
    </ExportManifestEntity>
    <ExportManifestEntity path="public/Alflytics/ETL/Operational/Alfresco users/Get Alfresco users from staging in operational.ktr">
        <ExportManifestProperty>
            <EntityMetaData name="Get Alfresco users from staging in operational.ktr" createdDate="2017-03-16T19:24:57.852+01:00" isFolder="false" path="public/Alflytics/ETL/Operational/Alfresco users/Get Alfresco users from staging in operational.ktr" isHidden="true" locale="en_US" title="Get Alfresco users from staging in operational"/>
        </ExportManifestProperty>
        <ExportManifestProperty>
            <EntityAcl>
                <entriesInheriting>true</entriesInheriting>
                <owner>admin</owner>
                <ownerType>USER</ownerType>
            </EntityAcl>
        </ExportManifestProperty>
    </ExportManifestEntity>
    <ExportManifestEntity path="public/Alflytics/ETL/Operational/Alfresco users/Get Alfresco users in operational.kjb">
        <ExportManifestProperty>
            <EntityMetaData name="Get Alfresco users in operational.kjb" createdDate="2017-03-16T19:24:58.572+01:00" isFolder="false" path="public/Alflytics/ETL/Operational/Alfresco users/Get Alfresco users in operational.kjb" isHidden="true" locale="en_US" title="Get Alfresco users in operational"/>
        </ExportManifestProperty>
        <ExportManifestProperty>
            <EntityAcl>
                <entriesInheriting>true</entriesInheriting>
                <owner>admin</owner>
                <ownerType>USER</ownerType>
            </EntityAcl>
        </ExportManifestProperty>
    </ExportManifestEntity>
    <ExportManifestEntity path="public/Alflytics/ETL/Staging">
        <ExportManifestProperty>
            <EntityMetaData name="Staging" createdDate="2017-03-16T19:24:33.585+01:00" isFolder="true" path="public/Alflytics/ETL/Staging" isHidden="false" locale="en_US" title="Staging"/>
        </ExportManifestProperty>
        <ExportManifestProperty>
            <EntityAcl>
                <entriesInheriting>true</entriesInheriting>
                <owner>admin</owner>
                <ownerType>USER</ownerType>
            </EntityAcl>
        </ExportManifestProperty>
    </ExportManifestEntity>
    <ExportManifestEntity path="public/Alflytics/ETL/Staging/Alfresco audit trail">
        <ExportManifestProperty>
            <EntityMetaData name="Alfresco audit trail" createdDate="2017-03-16T19:24:37.782+01:00" isFolder="true" path="public/Alflytics/ETL/Staging/Alfresco audit trail" isHidden="false" locale="en_US" title="Alfresco audit trail"/>
        </ExportManifestProperty>
        <ExportManifestProperty>
            <EntityAcl>
                <entriesInheriting>true</entriesInheriting>
                <owner>admin</owner>
                <ownerType>USER</ownerType>
            </EntityAcl>
        </ExportManifestProperty>
    </ExportManifestEntity>
    <ExportManifestEntity path="public/Alflytics/ETL/Staging/Alfresco audit trail/Get Alfresco audit app from Alfresco in tmp.kjb">
        <ExportManifestProperty>
            <EntityMetaData name="Get Alfresco audit app from Alfresco in tmp.kjb" createdDate="2017-03-16T19:24:38.942+01:00" isFolder="false" path="public/Alflytics/ETL/Staging/Alfresco audit trail/Get Alfresco audit app from Alfresco in tmp.kjb" isHidden="true" locale="en_US" title="Get Alfresco audit app from Alfresco in tmp"/>
        </ExportManifestProperty>
        <ExportManifestProperty>
            <EntityAcl>
                <entriesInheriting>true</entriesInheriting>
                <owner>admin</owner>
                <ownerType>USER</ownerType>
            </EntityAcl>
        </ExportManifestProperty>
    </ExportManifestEntity>
    <ExportManifestEntity path="public/Alflytics/ETL/Staging/Alfresco audit trail/Get Alfresco audit app from tmp in staging.kjb">
        <ExportManifestProperty>
            <EntityMetaData name="Get Alfresco audit app from tmp in staging.kjb" createdDate="2017-03-16T19:24:38.725+01:00" isFolder="false" path="public/Alflytics/ETL/Staging/Alfresco audit trail/Get Alfresco audit app from tmp in staging.kjb" isHidden="true" locale="en_US" title="Get Alfresco audit app from tmp in staging"/>
        </ExportManifestProperty>
        <ExportManifestProperty>
            <EntityAcl>
                <entriesInheriting>true</entriesInheriting>
                <owner>admin</owner>
                <ownerType>USER</ownerType>
            </EntityAcl>
        </ExportManifestProperty>
    </ExportManifestEntity>
    <ExportManifestEntity path="public/Alflytics/ETL/Staging/Alfresco audit trail/Get Alfresco audit trail from Alfresco in tmp.kjb">
        <ExportManifestProperty>
            <EntityMetaData name="Get Alfresco audit trail from Alfresco in tmp.kjb" createdDate="2017-03-16T19:24:38.490+01:00" isFolder="false" path="public/Alflytics/ETL/Staging/Alfresco audit trail/Get Alfresco audit trail from Alfresco in tmp.kjb" isHidden="true" locale="en_US" title="Get Alfresco audit trail from Alfresco in tmp"/>
        </ExportManifestProperty>
        <ExportManifestProperty>
            <EntityAcl>
                <entriesInheriting>true</entriesInheriting>
                <owner>admin</owner>
                <ownerType>USER</ownerType>
            </EntityAcl>
        </ExportManifestProperty>
    </ExportManifestEntity>
    <ExportManifestEntity path="public/Alflytics/ETL/Staging/Alfresco audit trail/Get Alfresco audit trail from tmp in staging.kjb">
        <ExportManifestProperty>
            <EntityMetaData name="Get Alfresco audit trail from tmp in staging.kjb" createdDate="2017-03-16T19:24:37.810+01:00" isFolder="false" path="public/Alflytics/ETL/Staging/Alfresco audit trail/Get Alfresco audit trail from tmp in staging.kjb" isHidden="true" locale="en_US" title="Get Alfresco audit trail from tmp in staging"/>
        </ExportManifestProperty>
        <ExportManifestProperty>
            <EntityAcl>
                <entriesInheriting>true</entriesInheriting>
                <owner>admin</owner>
                <ownerType>USER</ownerType>
            </EntityAcl>
        </ExportManifestProperty>
    </ExportManifestEntity>
    <ExportManifestEntity path="public/Alflytics/ETL/Staging/Alfresco audit trail/Get Alfresco audit trail in staging.kjb">
        <ExportManifestProperty>
            <EntityMetaData name="Get Alfresco audit trail in staging.kjb" createdDate="2017-03-16T19:24:40.080+01:00" isFolder="false" path="public/Alflytics/ETL/Staging/Alfresco audit trail/Get Alfresco audit trail in staging.kjb" isHidden="true" locale="en_US" title="Get Alfresco audit trail in staging"/>
        </ExportManifestProperty>
        <ExportManifestProperty>
            <EntityAcl>
                <entriesInheriting>true</entriesInheriting>
                <owner>admin</owner>
                <ownerType>USER</ownerType>
            </EntityAcl>
        </ExportManifestProperty>
    </ExportManifestEntity>
    <ExportManifestEntity path="public/Alflytics/ETL/Staging/Alfresco audit trail/Get REST in json for audit trail.kjb">
        <ExportManifestProperty>
            <EntityMetaData name="Get REST in json for audit trail.kjb" createdDate="2017-03-16T19:24:40.368+01:00" isFolder="false" path="public/Alflytics/ETL/Staging/Alfresco audit trail/Get REST in json for audit trail.kjb" isHidden="true" locale="en_US" title="Get REST in json for audit trail"/>
        </ExportManifestProperty>
        <ExportManifestProperty>
            <EntityAcl>
                <entriesInheriting>true</entriesInheriting>
                <owner>admin</owner>
                <ownerType>USER</ownerType>
            </EntityAcl>
        </ExportManifestProperty>
    </ExportManifestEntity>
    <ExportManifestEntity path="public/Alflytics/ETL/Staging/Alfresco audit trail/Get REST in json for audit trail.ktr">
        <ExportManifestProperty>
            <EntityMetaData name="Get REST in json for audit trail.ktr" createdDate="2017-03-16T19:24:39.589+01:00" isFolder="false" path="public/Alflytics/ETL/Staging/Alfresco audit trail/Get REST in json for audit trail.ktr" isHidden="true" locale="en_US" title="Get REST in json for audit trail"/>
        </ExportManifestProperty>
        <ExportManifestProperty>
            <EntityAcl>
                <entriesInheriting>true</entriesInheriting>
                <owner>admin</owner>
                <ownerType>USER</ownerType>
            </EntityAcl>
        </ExportManifestProperty>
    </ExportManifestEntity>
    <ExportManifestEntity path="public/Alflytics/ETL/Staging/Alfresco audit trail/Get audit apps stream.ktr">
        <ExportManifestProperty>
            <EntityMetaData name="Get audit apps stream.ktr" createdDate="2017-03-16T19:24:38.252+01:00" isFolder="false" path="public/Alflytics/ETL/Staging/Alfresco audit trail/Get audit apps stream.ktr" isHidden="true" locale="en_US" title="Get audit apps stream"/>
        </ExportManifestProperty>
        <ExportManifestProperty>
            <EntityAcl>
                <entriesInheriting>true</entriesInheriting>
                <owner>admin</owner>
                <ownerType>USER</ownerType>
            </EntityAcl>
        </ExportManifestProperty>
    </ExportManifestEntity>
    <ExportManifestEntity path="public/Alflytics/ETL/Staging/Alfresco audit trail/Get json in table for audits.ktr">
        <ExportManifestProperty>
            <EntityMetaData name="Get json in table for audits.ktr" createdDate="2017-03-16T19:24:39.316+01:00" isFolder="false" path="public/Alflytics/ETL/Staging/Alfresco audit trail/Get json in table for audits.ktr" isHidden="true" locale="en_US" title="Get json in table for audits"/>
        </ExportManifestProperty>
        <ExportManifestProperty>
            <EntityAcl>
                <entriesInheriting>true</entriesInheriting>
                <owner>admin</owner>
                <ownerType>USER</ownerType>
            </EntityAcl>
        </ExportManifestProperty>
    </ExportManifestEntity>
    <ExportManifestEntity path="public/Alflytics/ETL/Staging/Alfresco processes">
        <ExportManifestProperty>
            <EntityMetaData name="Alfresco processes" createdDate="2017-03-16T19:24:40.605+01:00" isFolder="true" path="public/Alflytics/ETL/Staging/Alfresco processes" isHidden="false" locale="en_US" title="Alfresco processes"/>
        </ExportManifestProperty>
        <ExportManifestProperty>
            <EntityAcl>
                <entriesInheriting>true</entriesInheriting>
                <owner>admin</owner>
                <ownerType>USER</ownerType>
            </EntityAcl>
        </ExportManifestProperty>
    </ExportManifestEntity>
    <ExportManifestEntity path="public/Alflytics/ETL/Staging/Alfresco processes/Get Alfresco items from Alfresco in tmp.kjb">
        <ExportManifestProperty>
            <EntityMetaData name="Get Alfresco items from Alfresco in tmp.kjb" createdDate="2017-03-16T19:24:42.866+01:00" isFolder="false" path="public/Alflytics/ETL/Staging/Alfresco processes/Get Alfresco items from Alfresco in tmp.kjb" isHidden="true" locale="en_US" title="Get Alfresco items from Alfresco in tmp"/>
        </ExportManifestProperty>
        <ExportManifestProperty>
            <EntityAcl>
                <entriesInheriting>true</entriesInheriting>
                <owner>admin</owner>
                <ownerType>USER</ownerType>
            </EntityAcl>
        </ExportManifestProperty>
    </ExportManifestEntity>
    <ExportManifestEntity path="public/Alflytics/ETL/Staging/Alfresco processes/Get Alfresco items from tmp in staging.kjb">
        <ExportManifestProperty>
            <EntityMetaData name="Get Alfresco items from tmp in staging.kjb" createdDate="2017-03-16T19:24:43.415+01:00" isFolder="false" path="public/Alflytics/ETL/Staging/Alfresco processes/Get Alfresco items from tmp in staging.kjb" isHidden="true" locale="en_US" title="Get Alfresco items from tmp in staging"/>
        </ExportManifestProperty>
        <ExportManifestProperty>
            <EntityAcl>
                <entriesInheriting>true</entriesInheriting>
                <owner>admin</owner>
                <ownerType>USER</ownerType>
            </EntityAcl>
        </ExportManifestProperty>
    </ExportManifestEntity>
    <ExportManifestEntity path="public/Alflytics/ETL/Staging/Alfresco processes/Get Alfresco processes from Alfresco in tmp.kjb">
        <ExportManifestProperty>
            <EntityMetaData name="Get Alfresco processes from Alfresco in tmp.kjb" createdDate="2017-03-16T19:24:43.744+01:00" isFolder="false" path="public/Alflytics/ETL/Staging/Alfresco processes/Get Alfresco processes from Alfresco in tmp.kjb" isHidden="true" locale="en_US" title="Get Alfresco processes from Alfresco in tmp"/>
        </ExportManifestProperty>
        <ExportManifestProperty>
            <EntityAcl>
                <entriesInheriting>true</entriesInheriting>
                <owner>admin</owner>
                <ownerType>USER</ownerType>
            </EntityAcl>
        </ExportManifestProperty>
    </ExportManifestEntity>
    <ExportManifestEntity path="public/Alflytics/ETL/Staging/Alfresco processes/Get Alfresco processes from tmp in staging.kjb">
        <ExportManifestProperty>
            <EntityMetaData name="Get Alfresco processes from tmp in staging.kjb" createdDate="2017-03-16T19:24:40.647+01:00" isFolder="false" path="public/Alflytics/ETL/Staging/Alfresco processes/Get Alfresco processes from tmp in staging.kjb" isHidden="true" locale="en_US" title="Get Alfresco processes from tmp in staging"/>
        </ExportManifestProperty>
        <ExportManifestProperty>
            <EntityAcl>
                <entriesInheriting>true</entriesInheriting>
                <owner>admin</owner>
                <ownerType>USER</ownerType>
            </EntityAcl>
        </ExportManifestProperty>
    </ExportManifestEntity>
    <ExportManifestEntity path="public/Alflytics/ETL/Staging/Alfresco processes/Get Alfresco processes in staging.kjb">
        <ExportManifestProperty>
            <EntityMetaData name="Get Alfresco processes in staging.kjb" createdDate="2017-03-16T19:24:41.190+01:00" isFolder="false" path="public/Alflytics/ETL/Staging/Alfresco processes/Get Alfresco processes in staging.kjb" isHidden="true" locale="en_US" title="Get Alfresco processes in staging"/>
        </ExportManifestProperty>
        <ExportManifestProperty>
            <EntityAcl>
                <entriesInheriting>true</entriesInheriting>
                <owner>admin</owner>
                <ownerType>USER</ownerType>
            </EntityAcl>
        </ExportManifestProperty>
    </ExportManifestEntity>
    <ExportManifestEntity path="public/Alflytics/ETL/Staging/Alfresco processes/Get instance ids.ktr">
        <ExportManifestProperty>
            <EntityMetaData name="Get instance ids.ktr" createdDate="2017-03-16T19:24:42.264+01:00" isFolder="false" path="public/Alflytics/ETL/Staging/Alfresco processes/Get instance ids.ktr" isHidden="true" locale="en_US" title="Get instance ids"/>
        </ExportManifestProperty>
        <ExportManifestProperty>
            <EntityAcl>
                <entriesInheriting>true</entriesInheriting>
                <owner>admin</owner>
                <ownerType>USER</ownerType>
            </EntityAcl>
        </ExportManifestProperty>
    </ExportManifestEntity>
    <ExportManifestEntity path="public/Alflytics/ETL/Staging/Alfresco repository">
        <ExportManifestProperty>
            <EntityMetaData name="Alfresco repository" createdDate="2017-03-16T19:24:35.314+01:00" isFolder="true" path="public/Alflytics/ETL/Staging/Alfresco repository" isHidden="false" locale="en_US" title="Alfresco repository"/>
        </ExportManifestProperty>
        <ExportManifestProperty>
            <EntityAcl>
                <entriesInheriting>true</entriesInheriting>
                <owner>admin</owner>
                <ownerType>USER</ownerType>
            </EntityAcl>
        </ExportManifestProperty>
    </ExportManifestEntity>
    <ExportManifestEntity path="public/Alflytics/ETL/Staging/Alfresco repository/Get Alfresco repository from Alfresco in tmp.kjb">
        <ExportManifestProperty>
            <EntityMetaData name="Get Alfresco repository from Alfresco in tmp.kjb" createdDate="2017-03-16T19:24:35.824+01:00" isFolder="false" path="public/Alflytics/ETL/Staging/Alfresco repository/Get Alfresco repository from Alfresco in tmp.kjb" isHidden="true" locale="en_US" title="Get Alfresco repository from Alfresco in tmp"/>
        </ExportManifestProperty>
        <ExportManifestProperty>
            <EntityAcl>
                <entriesInheriting>true</entriesInheriting>
                <owner>admin</owner>
                <ownerType>USER</ownerType>
            </EntityAcl>
        </ExportManifestProperty>
    </ExportManifestEntity>
    <ExportManifestEntity path="public/Alflytics/ETL/Staging/Alfresco repository/Get Alfresco repository from tmp in staging.kjb">
        <ExportManifestProperty>
            <EntityMetaData name="Get Alfresco repository from tmp in staging.kjb" createdDate="2017-03-16T19:24:36.473+01:00" isFolder="false" path="public/Alflytics/ETL/Staging/Alfresco repository/Get Alfresco repository from tmp in staging.kjb" isHidden="true" locale="en_US" title="Get Alfresco repository from tmp in staging"/>
        </ExportManifestProperty>
        <ExportManifestProperty>
            <EntityAcl>
                <entriesInheriting>true</entriesInheriting>
                <owner>admin</owner>
                <ownerType>USER</ownerType>
            </EntityAcl>
        </ExportManifestProperty>
    </ExportManifestEntity>
    <ExportManifestEntity path="public/Alflytics/ETL/Staging/Alfresco repository/Get Alfresco repository in staging.kjb">
        <ExportManifestProperty>
            <EntityMetaData name="Get Alfresco repository in staging.kjb" createdDate="2017-03-16T19:24:35.452+01:00" isFolder="false" path="public/Alflytics/ETL/Staging/Alfresco repository/Get Alfresco repository in staging.kjb" isHidden="true" locale="en_US" title="Get Alfresco repository in staging"/>
        </ExportManifestProperty>
        <ExportManifestProperty>
            <EntityAcl>
                <entriesInheriting>true</entriesInheriting>
                <owner>admin</owner>
                <ownerType>USER</ownerType>
            </EntityAcl>
        </ExportManifestProperty>
    </ExportManifestEntity>
    <ExportManifestEntity path="public/Alflytics/ETL/Staging/Alfresco users">
        <ExportManifestProperty>
            <EntityMetaData name="Alfresco users" createdDate="2017-03-16T19:24:36.817+01:00" isFolder="true" path="public/Alflytics/ETL/Staging/Alfresco users" isHidden="false" locale="en_US" title="Alfresco users"/>
        </ExportManifestProperty>
        <ExportManifestProperty>
            <EntityAcl>
                <entriesInheriting>true</entriesInheriting>
                <owner>admin</owner>
                <ownerType>USER</ownerType>
            </EntityAcl>
        </ExportManifestProperty>
    </ExportManifestEntity>
    <ExportManifestEntity path="public/Alflytics/ETL/Staging/Alfresco users/Get Alfresco users from Alfresco in tmp.kjb">
        <ExportManifestProperty>
            <EntityMetaData name="Get Alfresco users from Alfresco in tmp.kjb" createdDate="2017-03-16T19:24:37.461+01:00" isFolder="false" path="public/Alflytics/ETL/Staging/Alfresco users/Get Alfresco users from Alfresco in tmp.kjb" isHidden="true" locale="en_US" title="Get Alfresco users from Alfresco in tmp"/>
        </ExportManifestProperty>
        <ExportManifestProperty>
            <EntityAcl>
                <entriesInheriting>true</entriesInheriting>
                <owner>admin</owner>
                <ownerType>USER</ownerType>
            </EntityAcl>
        </ExportManifestProperty>
    </ExportManifestEntity>
    <ExportManifestEntity path="public/Alflytics/ETL/Staging/Alfresco users/Get Alfresco users from tmp in staging.kjb">
        <ExportManifestProperty>
            <EntityMetaData name="Get Alfresco users from tmp in staging.kjb" createdDate="2017-03-16T19:24:36.881+01:00" isFolder="false" path="public/Alflytics/ETL/Staging/Alfresco users/Get Alfresco users from tmp in staging.kjb" isHidden="true" locale="en_US" title="Get Alfresco users from tmp in staging"/>
        </ExportManifestProperty>
        <ExportManifestProperty>
            <EntityAcl>
                <entriesInheriting>true</entriesInheriting>
                <owner>admin</owner>
                <ownerType>USER</ownerType>
            </EntityAcl>
        </ExportManifestProperty>
    </ExportManifestEntity>
    <ExportManifestEntity path="public/Alflytics/ETL/Staging/Alfresco users/Get Alfresco users in staging.kjb">
        <ExportManifestProperty>
            <EntityMetaData name="Get Alfresco users in staging.kjb" createdDate="2017-03-16T19:24:37.175+01:00" isFolder="false" path="public/Alflytics/ETL/Staging/Alfresco users/Get Alfresco users in staging.kjb" isHidden="true" locale="en_US" title="Get Alfresco users in staging"/>
        </ExportManifestProperty>
        <ExportManifestProperty>
            <EntityAcl>
                <entriesInheriting>true</entriesInheriting>
                <owner>admin</owner>
                <ownerType>USER</ownerType>
            </EntityAcl>
        </ExportManifestProperty>
    </ExportManifestEntity>
    <ExportManifestEntity path="public/Alflytics/ETL/Staging/Util">
        <ExportManifestProperty>
            <EntityMetaData name="Util" createdDate="2017-03-16T19:24:33.635+01:00" isFolder="true" path="public/Alflytics/ETL/Staging/Util" isHidden="false" locale="en_US" title="Util"/>
        </ExportManifestProperty>
        <ExportManifestProperty>
            <EntityAcl>
                <entriesInheriting>true</entriesInheriting>
                <owner>admin</owner>
                <ownerType>USER</ownerType>
            </EntityAcl>
        </ExportManifestProperty>
    </ExportManifestEntity>
    <ExportManifestEntity path="public/Alflytics/ETL/Staging/Util/Get REST in json.kjb">
        <ExportManifestProperty>
            <EntityMetaData name="Get REST in json.kjb" createdDate="2017-03-16T19:24:34.400+01:00" isFolder="false" path="public/Alflytics/ETL/Staging/Util/Get REST in json.kjb" isHidden="true" locale="en_US" title="Get REST in json"/>
        </ExportManifestProperty>
        <ExportManifestProperty>
            <EntityAcl>
                <entriesInheriting>true</entriesInheriting>
                <owner>admin</owner>
                <ownerType>USER</ownerType>
            </EntityAcl>
        </ExportManifestProperty>
    </ExportManifestEntity>
    <ExportManifestEntity path="public/Alflytics/ETL/Staging/Util/Get REST in json.ktr">
        <ExportManifestProperty>
            <EntityMetaData name="Get REST in json.ktr" createdDate="2017-03-16T19:24:33.671+01:00" isFolder="false" path="public/Alflytics/ETL/Staging/Util/Get REST in json.ktr" isHidden="true" locale="en_US" title="Get REST in json"/>
        </ExportManifestProperty>
        <ExportManifestProperty>
            <EntityAcl>
                <entriesInheriting>true</entriesInheriting>
                <owner>admin</owner>
                <ownerType>USER</ownerType>
            </EntityAcl>
        </ExportManifestProperty>
    </ExportManifestEntity>
    <ExportManifestEntity path="public/Alflytics/ETL/Staging/Util/Get json in table.kjb">
        <ExportManifestProperty>
            <EntityMetaData name="Get json in table.kjb" createdDate="2017-03-16T19:24:35.088+01:00" isFolder="false" path="public/Alflytics/ETL/Staging/Util/Get json in table.kjb" isHidden="true" locale="en_US" title="Get json in table"/>
        </ExportManifestProperty>
        <ExportManifestProperty>
            <EntityAcl>
                <entriesInheriting>true</entriesInheriting>
                <owner>admin</owner>
                <ownerType>USER</ownerType>
            </EntityAcl>
        </ExportManifestProperty>
    </ExportManifestEntity>
    <ExportManifestEntity path="public/Alflytics/ETL/Staging/Util/Get json in table.ktr">
        <ExportManifestProperty>
            <EntityMetaData name="Get json in table.ktr" createdDate="2017-03-16T19:24:34.776+01:00" isFolder="false" path="public/Alflytics/ETL/Staging/Util/Get json in table.ktr" isHidden="true" locale="en_US" title="Get json in table"/>
        </ExportManifestProperty>
        <ExportManifestProperty>
            <EntityAcl>
                <entriesInheriting>true</entriesInheriting>
                <owner>admin</owner>
                <ownerType>USER</ownerType>
            </EntityAcl>
        </ExportManifestProperty>
    </ExportManifestEntity>
    <ExportManifestEntity path="public/Alflytics/ETL/Unit tests.kjb">
        <ExportManifestProperty>
            <EntityMetaData name="Unit tests.kjb" createdDate="2017-03-16T19:24:55.982+01:00" isFolder="false" path="public/Alflytics/ETL/Unit tests.kjb" isHidden="true" locale="en_US" title="Unit tests"/>
        </ExportManifestProperty>
        <ExportManifestProperty>
            <EntityAcl>
                <entriesInheriting>true</entriesInheriting>
                <owner>admin</owner>
                <ownerType>USER</ownerType>
            </EntityAcl>
        </ExportManifestProperty>
    </ExportManifestEntity>
    <ExportManifestEntity path="public/Alflytics/ETL/Util">
        <ExportManifestProperty>
            <EntityMetaData name="Util" createdDate="2017-03-16T19:24:44.422+01:00" isFolder="true" path="public/Alflytics/ETL/Util" isHidden="false" locale="en_US" title="Util"/>
        </ExportManifestProperty>
        <ExportManifestProperty>
            <EntityAcl>
                <entriesInheriting>true</entriesInheriting>
                <owner>admin</owner>
                <ownerType>USER</ownerType>
            </EntityAcl>
        </ExportManifestProperty>
    </ExportManifestEntity>
    <ExportManifestEntity path="public/Alflytics/ETL/Util/Check Alfresco REST API.kjb">
        <ExportManifestProperty>
            <EntityMetaData name="Check Alfresco REST API.kjb" createdDate="2017-03-16T19:24:53.856+01:00" isFolder="false" path="public/Alflytics/ETL/Util/Check Alfresco REST API.kjb" isHidden="true" locale="en_US" title="Check Alfresco REST API"/>
        </ExportManifestProperty>
        <ExportManifestProperty>
            <EntityAcl>
                <entriesInheriting>true</entriesInheriting>
                <owner>admin</owner>
                <ownerType>USER</ownerType>
            </EntityAcl>
        </ExportManifestProperty>
    </ExportManifestEntity>
    <ExportManifestEntity path="public/Alflytics/ETL/Util/Check Alfresco REST API.ktr">
        <ExportManifestProperty>
            <EntityMetaData name="Check Alfresco REST API.ktr" createdDate="2017-03-16T19:24:45.696+01:00" isFolder="false" path="public/Alflytics/ETL/Util/Check Alfresco REST API.ktr" isHidden="true" locale="en_US" title="Check Alfresco REST API"/>
        </ExportManifestProperty>
        <ExportManifestProperty>
            <EntityAcl>
                <entriesInheriting>true</entriesInheriting>
                <owner>admin</owner>
                <ownerType>USER</ownerType>
            </EntityAcl>
        </ExportManifestProperty>
    </ExportManifestEntity>
    <ExportManifestEntity path="public/Alflytics/ETL/Util/Data quality">
        <ExportManifestProperty>
            <EntityMetaData name="Data quality" createdDate="2017-03-16T19:24:47.196+01:00" isFolder="true" path="public/Alflytics/ETL/Util/Data quality" isHidden="false" locale="en_US" title="Data quality"/>
        </ExportManifestProperty>
        <ExportManifestProperty>
            <EntityAcl>
                <entriesInheriting>true</entriesInheriting>
                <owner>admin</owner>
                <ownerType>USER</ownerType>
            </EntityAcl>
        </ExportManifestProperty>
    </ExportManifestEntity>
    <ExportManifestEntity path="public/Alflytics/ETL/Util/Data quality/Batch id.ktr">
        <ExportManifestProperty>
            <EntityMetaData name="Batch id.ktr" createdDate="2017-03-16T19:24:48.966+01:00" isFolder="false" path="public/Alflytics/ETL/Util/Data quality/Batch id.ktr" isHidden="true" locale="en_US" title="Batch id"/>
        </ExportManifestProperty>
        <ExportManifestProperty>
            <EntityAcl>
                <entriesInheriting>true</entriesInheriting>
                <owner>admin</owner>
                <ownerType>USER</ownerType>
            </EntityAcl>
        </ExportManifestProperty>
    </ExportManifestEntity>
    <ExportManifestEntity path="public/Alflytics/ETL/Util/Data quality/Batch log.kjb">
        <ExportManifestProperty>
            <EntityMetaData name="Batch log.kjb" createdDate="2017-03-16T19:24:48.448+01:00" isFolder="false" path="public/Alflytics/ETL/Util/Data quality/Batch log.kjb" isHidden="true" locale="en_US" title="Batch log"/>
        </ExportManifestProperty>
        <ExportManifestProperty>
            <EntityAcl>
                <entriesInheriting>true</entriesInheriting>
                <owner>admin</owner>
                <ownerType>USER</ownerType>
            </EntityAcl>
        </ExportManifestProperty>
    </ExportManifestEntity>
    <ExportManifestEntity path="public/Alflytics/ETL/Util/Data quality/Batch log.ktr">
        <ExportManifestProperty>
            <EntityMetaData name="Batch log.ktr" createdDate="2017-03-16T19:24:48.736+01:00" isFolder="false" path="public/Alflytics/ETL/Util/Data quality/Batch log.ktr" isHidden="true" locale="en_US" title="Batch log"/>
        </ExportManifestProperty>
        <ExportManifestProperty>
            <EntityAcl>
                <entriesInheriting>true</entriesInheriting>
                <owner>admin</owner>
                <ownerType>USER</ownerType>
            </EntityAcl>
        </ExportManifestProperty>
    </ExportManifestEntity>
    <ExportManifestEntity path="public/Alflytics/ETL/Util/Data quality/Batch start.ktr">
        <ExportManifestProperty>
            <EntityMetaData name="Batch start.ktr" createdDate="2017-03-16T19:24:51.158+01:00" isFolder="false" path="public/Alflytics/ETL/Util/Data quality/Batch start.ktr" isHidden="true" locale="en_US" title="Batch start"/>
        </ExportManifestProperty>
        <ExportManifestProperty>
            <EntityAcl>
                <entriesInheriting>true</entriesInheriting>
                <owner>admin</owner>
                <ownerType>USER</ownerType>
            </EntityAcl>
        </ExportManifestProperty>
    </ExportManifestEntity>
    <ExportManifestEntity path="public/Alflytics/ETL/Util/Data quality/Data quality log.kjb">
        <ExportManifestProperty>
            <EntityMetaData name="Data quality log.kjb" createdDate="2017-03-16T19:24:49.228+01:00" isFolder="false" path="public/Alflytics/ETL/Util/Data quality/Data quality log.kjb" isHidden="true" locale="en_US" title="Data quality log"/>
        </ExportManifestProperty>
        <ExportManifestProperty>
            <EntityAcl>
                <entriesInheriting>true</entriesInheriting>
                <owner>admin</owner>
                <ownerType>USER</ownerType>
            </EntityAcl>
        </ExportManifestProperty>
    </ExportManifestEntity>
    <ExportManifestEntity path="public/Alflytics/ETL/Util/Data quality/Get Alfresco counter.kjb">
        <ExportManifestProperty>
            <EntityMetaData name="Get Alfresco counter.kjb" createdDate="2017-03-16T19:24:47.223+01:00" isFolder="false" path="public/Alflytics/ETL/Util/Data quality/Get Alfresco counter.kjb" isHidden="true" locale="en_US" title="Get Alfresco counter"/>
        </ExportManifestProperty>
        <ExportManifestProperty>
            <EntityAcl>
                <entriesInheriting>true</entriesInheriting>
                <owner>admin</owner>
                <ownerType>USER</ownerType>
            </EntityAcl>
        </ExportManifestProperty>
    </ExportManifestEntity>
    <ExportManifestEntity path="public/Alflytics/ETL/Util/Data quality/Get Alfresco counter.ktr">
        <ExportManifestProperty>
            <EntityMetaData name="Get Alfresco counter.ktr" createdDate="2017-03-16T19:24:48.169+01:00" isFolder="false" path="public/Alflytics/ETL/Util/Data quality/Get Alfresco counter.ktr" isHidden="true" locale="en_US" title="Get Alfresco counter"/>
        </ExportManifestProperty>
        <ExportManifestProperty>
            <EntityAcl>
                <entriesInheriting>true</entriesInheriting>
                <owner>admin</owner>
                <ownerType>USER</ownerType>
            </EntityAcl>
        </ExportManifestProperty>
    </ExportManifestEntity>
    <ExportManifestEntity path="public/Alflytics/ETL/Util/Get Alfresco audits.kjb">
        <ExportManifestProperty>
            <EntityMetaData name="Get Alfresco audits.kjb" createdDate="2017-03-16T19:24:55.500+01:00" isFolder="false" path="public/Alflytics/ETL/Util/Get Alfresco audits.kjb" isHidden="true" locale="en_US" title="Get Alfresco audits"/>
        </ExportManifestProperty>
        <ExportManifestProperty>
            <EntityAcl>
                <entriesInheriting>true</entriesInheriting>
                <owner>admin</owner>
                <ownerType>USER</ownerType>
            </EntityAcl>
        </ExportManifestProperty>
    </ExportManifestEntity>
    <ExportManifestEntity path="public/Alflytics/ETL/Util/Get Alfresco classes in variable.ktr">
        <ExportManifestProperty>
            <EntityMetaData name="Get Alfresco classes in variable.ktr" createdDate="2017-03-16T19:24:52.288+01:00" isFolder="false" path="public/Alflytics/ETL/Util/Get Alfresco classes in variable.ktr" isHidden="true" locale="en_US" title="Get Alfresco classes in variable"/>
        </ExportManifestProperty>
        <ExportManifestProperty>
            <EntityAcl>
                <entriesInheriting>true</entriesInheriting>
                <owner>admin</owner>
                <ownerType>USER</ownerType>
            </EntityAcl>
        </ExportManifestProperty>
    </ExportManifestEntity>
    <ExportManifestEntity path="public/Alflytics/ETL/Util/Get Alfresco info in variables.ktr">
        <ExportManifestProperty>
            <EntityMetaData name="Get Alfresco info in variables.ktr" createdDate="2017-03-16T19:24:51.315+01:00" isFolder="false" path="public/Alflytics/ETL/Util/Get Alfresco info in variables.ktr" isHidden="true" locale="en_US" title="Get Alfresco info in variables"/>
        </ExportManifestProperty>
        <ExportManifestProperty>
            <EntityAcl>
                <entriesInheriting>true</entriesInheriting>
                <owner>admin</owner>
                <ownerType>USER</ownerType>
            </EntityAcl>
        </ExportManifestProperty>
    </ExportManifestEntity>
    <ExportManifestEntity path="public/Alflytics/ETL/Util/Get Alfresco processes.kjb">
        <ExportManifestProperty>
            <EntityMetaData name="Get Alfresco processes.kjb" createdDate="2017-03-16T19:24:51.482+01:00" isFolder="false" path="public/Alflytics/ETL/Util/Get Alfresco processes.kjb" isHidden="true" locale="en_US" title="Get Alfresco processes"/>
        </ExportManifestProperty>
        <ExportManifestProperty>
            <EntityAcl>
                <entriesInheriting>true</entriesInheriting>
                <owner>admin</owner>
                <ownerType>USER</ownerType>
            </EntityAcl>
        </ExportManifestProperty>
    </ExportManifestEntity>
    <ExportManifestEntity path="public/Alflytics/ETL/Util/Get Alfresco repository.kjb">
        <ExportManifestProperty>
            <EntityMetaData name="Get Alfresco repository.kjb" createdDate="2017-03-16T19:24:46.347+01:00" isFolder="false" path="public/Alflytics/ETL/Util/Get Alfresco repository.kjb" isHidden="true" locale="en_US" title="Get Alfresco repository"/>
        </ExportManifestProperty>
        <ExportManifestProperty>
            <EntityAcl>
                <entriesInheriting>true</entriesInheriting>
                <owner>admin</owner>
                <ownerType>USER</ownerType>
            </EntityAcl>
        </ExportManifestProperty>
    </ExportManifestEntity>
    <ExportManifestEntity path="public/Alflytics/ETL/Util/Get Alfresco users.kjb">
        <ExportManifestProperty>
            <EntityMetaData name="Get Alfresco users.kjb" createdDate="2017-03-16T19:24:44.795+01:00" isFolder="false" path="public/Alflytics/ETL/Util/Get Alfresco users.kjb" isHidden="true" locale="en_US" title="Get Alfresco users"/>
        </ExportManifestProperty>
        <ExportManifestProperty>
            <EntityAcl>
                <entriesInheriting>true</entriesInheriting>
                <owner>admin</owner>
                <ownerType>USER</ownerType>
            </EntityAcl>
        </ExportManifestProperty>
    </ExportManifestEntity>
    <ExportManifestEntity path="public/Alflytics/ETL/Util/Get endpoints.ktr">
        <ExportManifestProperty>
            <EntityMetaData name="Get endpoints.ktr" createdDate="2017-03-16T19:24:44.487+01:00" isFolder="false" path="public/Alflytics/ETL/Util/Get endpoints.ktr" isHidden="true" locale="en_US" title="Get endpoints"/>
        </ExportManifestProperty>
        <ExportManifestProperty>
            <EntityAcl>
                <entriesInheriting>true</entriesInheriting>
                <owner>admin</owner>
                <ownerType>USER</ownerType>
            </EntityAcl>
        </ExportManifestProperty>
    </ExportManifestEntity>
    <ExportManifestEntity path="public/Alflytics/ETL/Util/Get from Alfresco.kjb">
        <ExportManifestProperty>
            <EntityMetaData name="Get from Alfresco.kjb" createdDate="2017-03-16T19:24:52.755+01:00" isFolder="false" path="public/Alflytics/ETL/Util/Get from Alfresco.kjb" isHidden="true" locale="en_US" title="Get from Alfresco"/>
        </ExportManifestProperty>
        <ExportManifestProperty>
            <EntityAcl>
                <entriesInheriting>true</entriesInheriting>
                <owner>admin</owner>
                <ownerType>USER</ownerType>
            </EntityAcl>
        </ExportManifestProperty>
    </ExportManifestEntity>
    <ExportManifestEntity path="public/Alflytics/ETL/Util/Get queries.ktr">
        <ExportManifestProperty>
            <EntityMetaData name="Get queries.ktr" createdDate="2017-03-16T19:24:46.073+01:00" isFolder="false" path="public/Alflytics/ETL/Util/Get queries.ktr" isHidden="true" locale="en_US" title="Get queries"/>
        </ExportManifestProperty>
        <ExportManifestProperty>
            <EntityAcl>
                <entriesInheriting>true</entriesInheriting>
                <owner>admin</owner>
                <ownerType>USER</ownerType>
            </EntityAcl>
        </ExportManifestProperty>
    </ExportManifestEntity>
    <ExportManifestEntity path="public/Alflytics/ETL/Util/Get rows from query.ktr">
        <ExportManifestProperty>
            <EntityMetaData name="Get rows from query.ktr" createdDate="2017-03-16T19:24:47.060+01:00" isFolder="false" path="public/Alflytics/ETL/Util/Get rows from query.ktr" isHidden="true" locale="en_US" title="Get rows from query"/>
        </ExportManifestProperty>
        <ExportManifestProperty>
            <EntityAcl>
                <entriesInheriting>true</entriesInheriting>
                <owner>admin</owner>
                <ownerType>USER</ownerType>
            </EntityAcl>
        </ExportManifestProperty>
    </ExportManifestEntity>
    <ExportManifestEntity path="public/Alflytics/ETL/Util/Get value from query.ktr">
        <ExportManifestProperty>
            <EntityMetaData name="Get value from query.ktr" createdDate="2017-03-16T19:24:54.430+01:00" isFolder="false" path="public/Alflytics/ETL/Util/Get value from query.ktr" isHidden="true" locale="en_US" title="Get value from query"/>
        </ExportManifestProperty>
        <ExportManifestProperty>
            <EntityAcl>
                <entriesInheriting>true</entriesInheriting>
                <owner>admin</owner>
                <ownerType>USER</ownerType>
            </EntityAcl>
        </ExportManifestProperty>
    </ExportManifestEntity>
    <ExportManifestEntity path="public/Alflytics/ETL/Util/Unit tests">
        <ExportManifestProperty>
            <EntityMetaData name="Unit tests" createdDate="2017-03-16T19:24:54.635+01:00" isFolder="true" path="public/Alflytics/ETL/Util/Unit tests" isHidden="false" locale="en_US" title="Unit tests"/>
        </ExportManifestProperty>
        <ExportManifestProperty>
            <EntityAcl>
                <entriesInheriting>true</entriesInheriting>
                <owner>admin</owner>
                <ownerType>USER</ownerType>
            </EntityAcl>
        </ExportManifestProperty>
    </ExportManifestEntity>
    <ExportManifestEntity path="public/Alflytics/ETL/Util/Unit tests/5.2">
        <ExportManifestProperty>
            <EntityMetaData name="5.2" createdDate="2017-03-16T19:24:54.648+01:00" isFolder="true" path="public/Alflytics/ETL/Util/Unit tests/5.2" isHidden="false" locale="en_US" title="5.2"/>
        </ExportManifestProperty>
        <ExportManifestProperty>
            <EntityAcl>
                <entriesInheriting>true</entriesInheriting>
                <owner>admin</owner>
                <ownerType>USER</ownerType>
            </EntityAcl>
        </ExportManifestProperty>
    </ExportManifestEntity>
    <ExportManifestEntity path="public/Alflytics/ETL/Util/Unit tests/5.2/Test 001 on sources 001.kjb">
        <ExportManifestProperty>
            <EntityMetaData name="Test 001 on sources 001.kjb" createdDate="2017-03-16T19:24:55.199+01:00" isFolder="false" path="public/Alflytics/ETL/Util/Unit tests/5.2/Test 001 on sources 001.kjb" isHidden="true" locale="en_US" title="Test 001 on sources 001"/>
        </ExportManifestProperty>
        <ExportManifestProperty>
            <EntityAcl>
                <entriesInheriting>true</entriesInheriting>
                <owner>admin</owner>
                <ownerType>USER</ownerType>
            </EntityAcl>
        </ExportManifestProperty>
    </ExportManifestEntity>
    <ExportManifestEntity path="public/Alflytics/ETL/Util/Unit tests/5.2/Test 001 on sources 001.ktr">
        <ExportManifestProperty>
            <EntityMetaData name="Test 001 on sources 001.ktr" createdDate="2017-03-16T19:24:54.769+01:00" isFolder="false" path="public/Alflytics/ETL/Util/Unit tests/5.2/Test 001 on sources 001.ktr" isHidden="true" locale="en_US" title="Test 001 on sources 001"/>
        </ExportManifestProperty>
        <ExportManifestProperty>
            <EntityAcl>
                <entriesInheriting>true</entriesInheriting>
                <owner>admin</owner>
                <ownerType>USER</ownerType>
            </EntityAcl>
        </ExportManifestProperty>
    </ExportManifestEntity>
    <ExportManifestEntity path="public/Alflytics/ETL/Util/Unit tests/5.2/Unit tests for Alfresco 5.2.kjb">
        <ExportManifestProperty>
            <EntityMetaData name="Unit tests for Alfresco 5.2.kjb" createdDate="2017-03-16T19:24:55.025+01:00" isFolder="false" path="public/Alflytics/ETL/Util/Unit tests/5.2/Unit tests for Alfresco 5.2.kjb" isHidden="true" locale="en_US" title="Unit tests for Alfresco 5.2"/>
        </ExportManifestProperty>
        <ExportManifestProperty>
            <EntityAcl>
                <entriesInheriting>true</entriesInheriting>
                <owner>admin</owner>
                <ownerType>USER</ownerType>
            </EntityAcl>
        </ExportManifestProperty>
    </ExportManifestEntity>
    <ExportManifestEntity path="public/Alflytics/ETL/Util/Update data structures for audit apps.ktr">
        <ExportManifestProperty>
            <EntityMetaData name="Update data structures for audit apps.ktr" createdDate="2017-03-16T19:24:45.365+01:00" isFolder="false" path="public/Alflytics/ETL/Util/Update data structures for audit apps.ktr" isHidden="true" locale="en_US" title="Update data structures for audit apps"/>
        </ExportManifestProperty>
        <ExportManifestProperty>
            <EntityAcl>
                <entriesInheriting>true</entriesInheriting>
                <owner>admin</owner>
                <ownerType>USER</ownerType>
            </EntityAcl>
        </ExportManifestProperty>
    </ExportManifestEntity>
    <ExportManifestEntity path="public/Alflytics/ETL/Util/Update data structures for classes.ktr">
        <ExportManifestProperty>
            <EntityMetaData name="Update data structures for classes.ktr" createdDate="2017-03-16T19:24:54.126+01:00" isFolder="false" path="public/Alflytics/ETL/Util/Update data structures for classes.ktr" isHidden="true" locale="en_US" title="Update data structures for classes"/>
        </ExportManifestProperty>
        <ExportManifestProperty>
            <EntityAcl>
                <entriesInheriting>true</entriesInheriting>
                <owner>admin</owner>
                <ownerType>USER</ownerType>
            </EntityAcl>
        </ExportManifestProperty>
    </ExportManifestEntity>
</ns2:ExportManifest>
