<?xml version="1.0" encoding="UTF-8" standalone="yes"?>
<ns2:ExportManifest xmlns:ns2="http://www.pentaho.com/schema/">
    <ExportManifestInformation exportDate="04-06-2017 09:56:12 CEST" exportBy="admin" rootFolder="/" manifestVersion="2"/>
    <ExportManifestEntity path="public/Alflytics">
        <ExportManifestProperty>
            <EntityMetaData name="Alflytics" createdDate="2017-05-31T19:19:32.011+02:00" isFolder="true" path="public/Alflytics" isHidden="false" isSchedulable="false" locale="en_US" title="Alflytics"/>
        </ExportManifestProperty>
        <ExportManifestProperty>
            <EntityAcl>
                <entriesInheriting>true</entriesInheriting>
                <owner>admin</owner>
                <ownerType>USER</ownerType>
            </EntityAcl>
        </ExportManifestProperty>
    </ExportManifestEntity>
    <ExportManifestEntity path="public/Alflytics/ETL">
        <ExportManifestProperty>
            <EntityMetaData name="ETL" createdDate="2017-05-31T19:19:32.011+02:00" isFolder="true" path="public/Alflytics/ETL" isHidden="false" isSchedulable="false" locale="en_US" title="ETL"/>
        </ExportManifestProperty>
        <ExportManifestProperty>
            <EntityAcl>
                <entriesInheriting>true</entriesInheriting>
                <owner>admin</owner>
                <ownerType>USER</ownerType>
            </EntityAcl>
        </ExportManifestProperty>
    </ExportManifestEntity>
    <ExportManifestEntity path="public/Alflytics/ETL/Build schema.kjb">
        <ExportManifestProperty>
            <EntityMetaData name="Build schema.kjb" createdDate="2017-05-31T19:19:41.063+02:00" isFolder="false" path="public/Alflytics/ETL/Build schema.kjb" isHidden="true" isSchedulable="true" locale="en_US" title="Build schema"/>
        </ExportManifestProperty>
        <ExportManifestProperty>
            <EntityAcl>
                <entriesInheriting>true</entriesInheriting>
                <owner>admin</owner>
                <ownerType>USER</ownerType>
            </EntityAcl>
        </ExportManifestProperty>
    </ExportManifestEntity>
    <ExportManifestEntity path="public/Alflytics/ETL/Data warehouse">
        <ExportManifestProperty>
            <EntityMetaData name="Data warehouse" createdDate="2017-05-31T19:19:37.462+02:00" isFolder="true" path="public/Alflytics/ETL/Data warehouse" isHidden="false" isSchedulable="false" locale="en_US" title="Warehouse"/>
        </ExportManifestProperty>
        <ExportManifestProperty>
            <EntityAcl>
                <entriesInheriting>true</entriesInheriting>
                <owner>admin</owner>
                <ownerType>USER</ownerType>
            </EntityAcl>
        </ExportManifestProperty>
    </ExportManifestEntity>
    <ExportManifestEntity path="public/Alflytics/ETL/Data warehouse/Alfresco audit trail">
        <ExportManifestProperty>
            <EntityMetaData name="Alfresco audit trail" createdDate="2017-05-31T19:19:39.575+02:00" isFolder="true" path="public/Alflytics/ETL/Data warehouse/Alfresco audit trail" isHidden="false" isSchedulable="false" locale="en_US" title="Alfresco audit trail"/>
        </ExportManifestProperty>
        <ExportManifestProperty>
            <EntityAcl>
                <entriesInheriting>true</entriesInheriting>
                <owner>admin</owner>
                <ownerType>USER</ownerType>
            </EntityAcl>
        </ExportManifestProperty>
    </ExportManifestEntity>
    <ExportManifestEntity path="public/Alflytics/ETL/Data warehouse/Alfresco audit trail/Get Alfresco audit trail in warehouse.kjb">
        <ExportManifestProperty>
            <EntityMetaData name="Get Alfresco audit trail in warehouse.kjb" createdDate="2017-05-31T19:19:39.604+02:00" isFolder="false" path="public/Alflytics/ETL/Data warehouse/Alfresco audit trail/Get Alfresco audit trail in warehouse.kjb" isHidden="true" isSchedulable="true" locale="en_US" title="Get Alfresco audit trail in warehouse"/>
        </ExportManifestProperty>
        <ExportManifestProperty>
            <EntityAcl>
                <entriesInheriting>true</entriesInheriting>
                <owner>admin</owner>
                <ownerType>USER</ownerType>
            </EntityAcl>
        </ExportManifestProperty>
    </ExportManifestEntity>
    <ExportManifestEntity path="public/Alflytics/ETL/Data warehouse/Alfresco processes">
        <ExportManifestProperty>
            <EntityMetaData name="Alfresco processes" createdDate="2017-05-31T19:19:39.181+02:00" isFolder="true" path="public/Alflytics/ETL/Data warehouse/Alfresco processes" isHidden="false" isSchedulable="false" locale="en_US" title="Alfresco processes"/>
        </ExportManifestProperty>
        <ExportManifestProperty>
            <EntityAcl>
                <entriesInheriting>true</entriesInheriting>
                <owner>admin</owner>
                <ownerType>USER</ownerType>
            </EntityAcl>
        </ExportManifestProperty>
    </ExportManifestEntity>
    <ExportManifestEntity path="public/Alflytics/ETL/Data warehouse/Alfresco processes/Get Alfresco processes in warehouse.kjb">
        <ExportManifestProperty>
            <EntityMetaData name="Get Alfresco processes in warehouse.kjb" createdDate="2017-05-31T19:19:39.211+02:00" isFolder="false" path="public/Alflytics/ETL/Data warehouse/Alfresco processes/Get Alfresco processes in warehouse.kjb" isHidden="true" isSchedulable="true" locale="en_US" title="Get Alfresco processes in warehouse"/>
        </ExportManifestProperty>
        <ExportManifestProperty>
            <EntityAcl>
                <entriesInheriting>true</entriesInheriting>
                <owner>admin</owner>
                <ownerType>USER</ownerType>
            </EntityAcl>
        </ExportManifestProperty>
    </ExportManifestEntity>
    <ExportManifestEntity path="public/Alflytics/ETL/Data warehouse/Alfresco repository">
        <ExportManifestProperty>
            <EntityMetaData name="Alfresco repository" createdDate="2017-05-31T19:19:37.484+02:00" isFolder="true" path="public/Alflytics/ETL/Data warehouse/Alfresco repository" isHidden="false" isSchedulable="false" locale="en_US" title="Alfresco repository"/>
        </ExportManifestProperty>
        <ExportManifestProperty>
            <EntityAcl>
                <entriesInheriting>true</entriesInheriting>
                <owner>admin</owner>
                <ownerType>USER</ownerType>
            </EntityAcl>
        </ExportManifestProperty>
    </ExportManifestEntity>
    <ExportManifestEntity path="public/Alflytics/ETL/Data warehouse/Alfresco repository/Get Alfresco categories in warehouse.kjb">
        <ExportManifestProperty>
            <EntityMetaData name="Get Alfresco categories in warehouse.kjb" createdDate="2017-05-31T19:19:38.629+02:00" isFolder="false" path="public/Alflytics/ETL/Data warehouse/Alfresco repository/Get Alfresco categories in warehouse.kjb" isHidden="true" isSchedulable="true" locale="en_US" title="Get Alfresco categories in warehouse"/>
        </ExportManifestProperty>
        <ExportManifestProperty>
            <EntityAcl>
                <entriesInheriting>true</entriesInheriting>
                <owner>admin</owner>
                <ownerType>USER</ownerType>
            </EntityAcl>
        </ExportManifestProperty>
    </ExportManifestEntity>
    <ExportManifestEntity path="public/Alflytics/ETL/Data warehouse/Alfresco repository/Get Alfresco contents in warehouse.kjb">
        <ExportManifestProperty>
            <EntityMetaData name="Get Alfresco contents in warehouse.kjb" createdDate="2017-05-31T19:19:37.838+02:00" isFolder="false" path="public/Alflytics/ETL/Data warehouse/Alfresco repository/Get Alfresco contents in warehouse.kjb" isHidden="true" isSchedulable="true" locale="en_US" title="Get Alfresco contents in warehouse"/>
        </ExportManifestProperty>
        <ExportManifestProperty>
            <EntityAcl>
                <entriesInheriting>true</entriesInheriting>
                <owner>admin</owner>
                <ownerType>USER</ownerType>
            </EntityAcl>
        </ExportManifestProperty>
    </ExportManifestEntity>
    <ExportManifestEntity path="public/Alflytics/ETL/Data warehouse/Alfresco repository/Get Alfresco folders in warehouse.kjb">
        <ExportManifestProperty>
            <EntityMetaData name="Get Alfresco folders in warehouse.kjb" createdDate="2017-05-31T19:19:38.074+02:00" isFolder="false" path="public/Alflytics/ETL/Data warehouse/Alfresco repository/Get Alfresco folders in warehouse.kjb" isHidden="true" isSchedulable="true" locale="en_US" title="Get Alfresco folders in warehouse"/>
        </ExportManifestProperty>
        <ExportManifestProperty>
            <EntityAcl>
                <entriesInheriting>true</entriesInheriting>
                <owner>admin</owner>
                <ownerType>USER</ownerType>
            </EntityAcl>
        </ExportManifestProperty>
    </ExportManifestEntity>
    <ExportManifestEntity path="public/Alflytics/ETL/Data warehouse/Alfresco repository/Get Alfresco mime types in warehouse.kjb">
        <ExportManifestProperty>
            <EntityMetaData name="Get Alfresco mime types in warehouse.kjb" createdDate="2017-05-31T19:19:38.280+02:00" isFolder="false" path="public/Alflytics/ETL/Data warehouse/Alfresco repository/Get Alfresco mime types in warehouse.kjb" isHidden="true" isSchedulable="true" locale="en_US" title="Get Alfresco mime types in warehouse"/>
        </ExportManifestProperty>
        <ExportManifestProperty>
            <EntityAcl>
                <entriesInheriting>true</entriesInheriting>
                <owner>admin</owner>
                <ownerType>USER</ownerType>
            </EntityAcl>
        </ExportManifestProperty>
    </ExportManifestEntity>
    <ExportManifestEntity path="public/Alflytics/ETL/Data warehouse/Alfresco repository/Get Alfresco node types in warehouse.kjb">
        <ExportManifestProperty>
            <EntityMetaData name="Get Alfresco node types in warehouse.kjb" createdDate="2017-05-31T19:19:38.455+02:00" isFolder="false" path="public/Alflytics/ETL/Data warehouse/Alfresco repository/Get Alfresco node types in warehouse.kjb" isHidden="true" isSchedulable="true" locale="en_US" title="Get Alfresco node types in warehouse"/>
        </ExportManifestProperty>
        <ExportManifestProperty>
            <EntityAcl>
                <entriesInheriting>true</entriesInheriting>
                <owner>admin</owner>
                <ownerType>USER</ownerType>
            </EntityAcl>
        </ExportManifestProperty>
    </ExportManifestEntity>
    <ExportManifestEntity path="public/Alflytics/ETL/Data warehouse/Alfresco repository/Get Alfresco nodes from operational in warehouse.ktr">
        <ExportManifestProperty>
            <EntityMetaData name="Get Alfresco nodes from operational in warehouse.ktr" createdDate="2017-05-31T19:19:38.855+02:00" isFolder="false" path="public/Alflytics/ETL/Data warehouse/Alfresco repository/Get Alfresco nodes from operational in warehouse.ktr" isHidden="true" isSchedulable="true" locale="en_US" title="Get Alfresco nodes from operational in warehouse"/>
        </ExportManifestProperty>
        <ExportManifestProperty>
            <EntityAcl>
                <entriesInheriting>true</entriesInheriting>
                <owner>admin</owner>
                <ownerType>USER</ownerType>
            </EntityAcl>
        </ExportManifestProperty>
    </ExportManifestEntity>
    <ExportManifestEntity path="public/Alflytics/ETL/Data warehouse/Alfresco repository/Get Alfresco repository in warehouse.kjb">
        <ExportManifestProperty>
            <EntityMetaData name="Get Alfresco repository in warehouse.kjb" createdDate="2017-05-31T19:19:37.534+02:00" isFolder="false" path="public/Alflytics/ETL/Data warehouse/Alfresco repository/Get Alfresco repository in warehouse.kjb" isHidden="true" isSchedulable="true" locale="en_US" title="Get Alfresco repository in warehouse"/>
        </ExportManifestProperty>
        <ExportManifestProperty>
            <EntityAcl>
                <entriesInheriting>true</entriesInheriting>
                <owner>admin</owner>
                <ownerType>USER</ownerType>
            </EntityAcl>
        </ExportManifestProperty>
    </ExportManifestEntity>
    <ExportManifestEntity path="public/Alflytics/ETL/Data warehouse/Alfresco users">
        <ExportManifestProperty>
            <EntityMetaData name="Alfresco users" createdDate="2017-05-31T19:19:39.022+02:00" isFolder="true" path="public/Alflytics/ETL/Data warehouse/Alfresco users" isHidden="false" isSchedulable="false" locale="en_US" title="Alfresco users"/>
        </ExportManifestProperty>
        <ExportManifestProperty>
            <EntityAcl>
                <entriesInheriting>true</entriesInheriting>
                <owner>admin</owner>
                <ownerType>USER</ownerType>
            </EntityAcl>
        </ExportManifestProperty>
    </ExportManifestEntity>
    <ExportManifestEntity path="public/Alflytics/ETL/Data warehouse/Alfresco users/Get Alfresco users in warehouse.kjb">
        <ExportManifestProperty>
            <EntityMetaData name="Get Alfresco users in warehouse.kjb" createdDate="2017-05-31T19:19:39.053+02:00" isFolder="false" path="public/Alflytics/ETL/Data warehouse/Alfresco users/Get Alfresco users in warehouse.kjb" isHidden="true" isSchedulable="true" locale="en_US" title="Get Alfresco users in warehouse"/>
        </ExportManifestProperty>
        <ExportManifestProperty>
            <EntityAcl>
                <entriesInheriting>true</entriesInheriting>
                <owner>admin</owner>
                <ownerType>USER</ownerType>
            </EntityAcl>
        </ExportManifestProperty>
    </ExportManifestEntity>
    <ExportManifestEntity path="public/Alflytics/ETL/Data warehouse/Util">
        <ExportManifestProperty>
            <EntityMetaData name="Util" createdDate="2017-05-31T19:19:39.806+02:00" isFolder="true" path="public/Alflytics/ETL/Data warehouse/Util" isHidden="false" isSchedulable="false" locale="en_US" title="Util"/>
        </ExportManifestProperty>
        <ExportManifestProperty>
            <EntityAcl>
                <entriesInheriting>true</entriesInheriting>
                <owner>admin</owner>
                <ownerType>USER</ownerType>
            </EntityAcl>
        </ExportManifestProperty>
    </ExportManifestEntity>
    <ExportManifestEntity path="public/Alflytics/ETL/Data warehouse/Util/Generate dates in warehouse.kjb">
        <ExportManifestProperty>
            <EntityMetaData name="Generate dates in warehouse.kjb" createdDate="2017-05-31T19:19:40.348+02:00" isFolder="false" path="public/Alflytics/ETL/Data warehouse/Util/Generate dates in warehouse.kjb" isHidden="true" isSchedulable="true" locale="en_US" title="Generate dates in warehouse"/>
        </ExportManifestProperty>
        <ExportManifestProperty>
            <EntityAcl>
                <entriesInheriting>true</entriesInheriting>
                <owner>admin</owner>
                <ownerType>USER</ownerType>
            </EntityAcl>
        </ExportManifestProperty>
    </ExportManifestEntity>
    <ExportManifestEntity path="public/Alflytics/ETL/Data warehouse/Util/Generate dates in warehouse.ktr">
        <ExportManifestProperty>
            <EntityMetaData name="Generate dates in warehouse.ktr" createdDate="2017-05-31T19:19:39.864+02:00" isFolder="false" path="public/Alflytics/ETL/Data warehouse/Util/Generate dates in warehouse.ktr" isHidden="true" isSchedulable="true" locale="en_US" title="Generate dates in warehouse"/>
        </ExportManifestProperty>
        <ExportManifestProperty>
            <EntityAcl>
                <entriesInheriting>true</entriesInheriting>
                <owner>admin</owner>
                <ownerType>USER</ownerType>
            </EntityAcl>
        </ExportManifestProperty>
    </ExportManifestEntity>
    <ExportManifestEntity path="public/Alflytics/ETL/Data warehouse/Util/Generate hours in warehouse.ktr">
        <ExportManifestProperty>
            <EntityMetaData name="Generate hours in warehouse.ktr" createdDate="2017-05-31T19:19:40.568+02:00" isFolder="false" path="public/Alflytics/ETL/Data warehouse/Util/Generate hours in warehouse.ktr" isHidden="true" isSchedulable="true" locale="en_US" title="Generate hours in warehouse"/>
        </ExportManifestProperty>
        <ExportManifestProperty>
            <EntityAcl>
                <entriesInheriting>true</entriesInheriting>
                <owner>admin</owner>
                <ownerType>USER</ownerType>
            </EntityAcl>
        </ExportManifestProperty>
    </ExportManifestEntity>
    <ExportManifestEntity path="public/Alflytics/ETL/Data warehouse/Util/Generate minutes in warehouse.ktr">
        <ExportManifestProperty>
            <EntityMetaData name="Generate minutes in warehouse.ktr" createdDate="2017-05-31T19:19:40.219+02:00" isFolder="false" path="public/Alflytics/ETL/Data warehouse/Util/Generate minutes in warehouse.ktr" isHidden="true" isSchedulable="true" locale="en_US" title="Generate minutes in warehouse"/>
        </ExportManifestProperty>
        <ExportManifestProperty>
            <EntityAcl>
                <entriesInheriting>true</entriesInheriting>
                <owner>admin</owner>
                <ownerType>USER</ownerType>
            </EntityAcl>
        </ExportManifestProperty>
    </ExportManifestEntity>
    <ExportManifestEntity path="public/Alflytics/ETL/Data warehouse/Util/Generate months in warehouse.ktr">
        <ExportManifestProperty>
            <EntityMetaData name="Generate months in warehouse.ktr" createdDate="2017-05-31T19:19:40.931+02:00" isFolder="false" path="public/Alflytics/ETL/Data warehouse/Util/Generate months in warehouse.ktr" isHidden="true" isSchedulable="true" locale="en_US" title="Generate months in warehouse"/>
        </ExportManifestProperty>
        <ExportManifestProperty>
            <EntityAcl>
                <entriesInheriting>true</entriesInheriting>
                <owner>admin</owner>
                <ownerType>USER</ownerType>
            </EntityAcl>
        </ExportManifestProperty>
    </ExportManifestEntity>
    <ExportManifestEntity path="public/Alflytics/ETL/Data warehouse/Util/Generate time in warehouse.kjb">
        <ExportManifestProperty>
            <EntityMetaData name="Generate time in warehouse.kjb" createdDate="2017-05-31T19:19:40.692+02:00" isFolder="false" path="public/Alflytics/ETL/Data warehouse/Util/Generate time in warehouse.kjb" isHidden="true" isSchedulable="true" locale="en_US" title="Generate time in warehouse"/>
        </ExportManifestProperty>
        <ExportManifestProperty>
            <EntityAcl>
                <entriesInheriting>true</entriesInheriting>
                <owner>admin</owner>
                <ownerType>USER</ownerType>
            </EntityAcl>
        </ExportManifestProperty>
    </ExportManifestEntity>
    <ExportManifestEntity path="public/Alflytics/ETL/Data warehouse/Util/Generate years in warehouse.ktr">
        <ExportManifestProperty>
            <EntityMetaData name="Generate years in warehouse.ktr" createdDate="2017-05-31T19:19:40.052+02:00" isFolder="false" path="public/Alflytics/ETL/Data warehouse/Util/Generate years in warehouse.ktr" isHidden="true" isSchedulable="true" locale="en_US" title="Generate years in warehouse"/>
        </ExportManifestProperty>
        <ExportManifestProperty>
            <EntityAcl>
                <entriesInheriting>true</entriesInheriting>
                <owner>admin</owner>
                <ownerType>USER</ownerType>
            </EntityAcl>
        </ExportManifestProperty>
    </ExportManifestEntity>
    <ExportManifestEntity path="public/Alflytics/ETL/Get all.kjb">
        <ExportManifestProperty>
            <EntityMetaData name="Get all.kjb" createdDate="2017-05-31T19:19:41.216+02:00" isFolder="false" path="public/Alflytics/ETL/Get all.kjb" isHidden="true" isSchedulable="true" locale="en_US" title="Get all"/>
        </ExportManifestProperty>
        <ExportManifestProperty>
            <EntityAcl>
                <entriesInheriting>true</entriesInheriting>
                <owner>admin</owner>
                <ownerType>USER</ownerType>
            </EntityAcl>
        </ExportManifestProperty>
    </ExportManifestEntity>
    <ExportManifestEntity path="public/Alflytics/ETL/Init.kjb">
        <ExportManifestProperty>
            <EntityMetaData name="Init.kjb" createdDate="2017-05-31T19:19:41.353+02:00" isFolder="false" path="public/Alflytics/ETL/Init.kjb" isHidden="true" isSchedulable="true" locale="en_US" title="Init"/>
        </ExportManifestProperty>
        <ExportManifestProperty>
            <EntityAcl>
                <entriesInheriting>true</entriesInheriting>
                <owner>admin</owner>
                <ownerType>USER</ownerType>
            </EntityAcl>
        </ExportManifestProperty>
    </ExportManifestEntity>
    <ExportManifestEntity path="public/Alflytics/ETL/Operational">
        <ExportManifestProperty>
            <EntityMetaData name="Operational" createdDate="2017-05-31T19:19:32.127+02:00" isFolder="true" path="public/Alflytics/ETL/Operational" isHidden="false" isSchedulable="false" locale="en_US" title="Operational"/>
        </ExportManifestProperty>
        <ExportManifestProperty>
            <EntityAcl>
                <entriesInheriting>true</entriesInheriting>
                <owner>admin</owner>
                <ownerType>USER</ownerType>
            </EntityAcl>
        </ExportManifestProperty>
    </ExportManifestEntity>
    <ExportManifestEntity path="public/Alflytics/ETL/Operational/Alfresco audit trail">
        <ExportManifestProperty>
            <EntityMetaData name="Alfresco audit trail" createdDate="2017-05-31T19:19:36.583+02:00" isFolder="true" path="public/Alflytics/ETL/Operational/Alfresco audit trail" isHidden="false" isSchedulable="false" locale="en_US" title="Alfresco audit trail"/>
        </ExportManifestProperty>
        <ExportManifestProperty>
            <EntityAcl>
                <entriesInheriting>true</entriesInheriting>
                <owner>admin</owner>
                <ownerType>USER</ownerType>
            </EntityAcl>
        </ExportManifestProperty>
    </ExportManifestEntity>
    <ExportManifestEntity path="public/Alflytics/ETL/Operational/Alfresco audit trail/Delete Alfresco audit trail in operational.ktr">
        <ExportManifestProperty>
            <EntityMetaData name="Delete Alfresco audit trail in operational.ktr" createdDate="2017-05-31T19:19:37.032+02:00" isFolder="false" path="public/Alflytics/ETL/Operational/Alfresco audit trail/Delete Alfresco audit trail in operational.ktr" isHidden="true" isSchedulable="true" locale="en_US" title="Delete Alfresco audit trail in operational"/>
        </ExportManifestProperty>
        <ExportManifestProperty>
            <EntityAcl>
                <entriesInheriting>true</entriesInheriting>
                <owner>admin</owner>
                <ownerType>USER</ownerType>
            </EntityAcl>
        </ExportManifestProperty>
    </ExportManifestEntity>
    <ExportManifestEntity path="public/Alflytics/ETL/Operational/Alfresco audit trail/Get Alfresco audit trail from staging in operational.ktr">
        <ExportManifestProperty>
            <EntityMetaData name="Get Alfresco audit trail from staging in operational.ktr" createdDate="2017-05-31T19:19:36.841+02:00" isFolder="false" path="public/Alflytics/ETL/Operational/Alfresco audit trail/Get Alfresco audit trail from staging in operational.ktr" isHidden="true" isSchedulable="true" locale="en_US" title="Get Alfresco audit trail from staging in operational"/>
        </ExportManifestProperty>
        <ExportManifestProperty>
            <EntityAcl>
                <entriesInheriting>true</entriesInheriting>
                <owner>admin</owner>
                <ownerType>USER</ownerType>
            </EntityAcl>
        </ExportManifestProperty>
    </ExportManifestEntity>
    <ExportManifestEntity path="public/Alflytics/ETL/Operational/Alfresco audit trail/Get Alfresco audit trail in operational.kjb">
        <ExportManifestProperty>
            <EntityMetaData name="Get Alfresco audit trail in operational.kjb" createdDate="2017-05-31T19:19:36.625+02:00" isFolder="false" path="public/Alflytics/ETL/Operational/Alfresco audit trail/Get Alfresco audit trail in operational.kjb" isHidden="true" isSchedulable="true" locale="en_US" title="Get Alfresco audit trail in operational"/>
        </ExportManifestProperty>
        <ExportManifestProperty>
            <EntityAcl>
                <entriesInheriting>true</entriesInheriting>
                <owner>admin</owner>
                <ownerType>USER</ownerType>
            </EntityAcl>
        </ExportManifestProperty>
    </ExportManifestEntity>
    <ExportManifestEntity path="public/Alflytics/ETL/Operational/Alfresco processes">
        <ExportManifestProperty>
            <EntityMetaData name="Alfresco processes" createdDate="2017-05-31T19:19:35.833+02:00" isFolder="true" path="public/Alflytics/ETL/Operational/Alfresco processes" isHidden="false" isSchedulable="false" locale="en_US" title="Alfresco processes"/>
        </ExportManifestProperty>
        <ExportManifestProperty>
            <EntityAcl>
                <entriesInheriting>true</entriesInheriting>
                <owner>admin</owner>
                <ownerType>USER</ownerType>
            </EntityAcl>
        </ExportManifestProperty>
    </ExportManifestEntity>
    <ExportManifestEntity path="public/Alflytics/ETL/Operational/Alfresco processes/Get Alfresco processes from staging in operational.ktr">
        <ExportManifestProperty>
            <EntityMetaData name="Get Alfresco processes from staging in operational.ktr" createdDate="2017-05-31T19:19:35.922+02:00" isFolder="false" path="public/Alflytics/ETL/Operational/Alfresco processes/Get Alfresco processes from staging in operational.ktr" isHidden="true" isSchedulable="true" locale="en_US" title="Get Alfresco processes from staging in operational"/>
        </ExportManifestProperty>
        <ExportManifestProperty>
            <EntityAcl>
                <entriesInheriting>true</entriesInheriting>
                <owner>admin</owner>
                <ownerType>USER</ownerType>
            </EntityAcl>
        </ExportManifestProperty>
    </ExportManifestEntity>
    <ExportManifestEntity path="public/Alflytics/ETL/Operational/Alfresco processes/Get Alfresco processes in operational.kjb">
        <ExportManifestProperty>
            <EntityMetaData name="Get Alfresco processes in operational.kjb" createdDate="2017-05-31T19:19:36.116+02:00" isFolder="false" path="public/Alflytics/ETL/Operational/Alfresco processes/Get Alfresco processes in operational.kjb" isHidden="true" isSchedulable="true" locale="en_US" title="Get Alfresco processes in operational"/>
        </ExportManifestProperty>
        <ExportManifestProperty>
            <EntityAcl>
                <entriesInheriting>true</entriesInheriting>
                <owner>admin</owner>
                <ownerType>USER</ownerType>
            </EntityAcl>
        </ExportManifestProperty>
    </ExportManifestEntity>
    <ExportManifestEntity path="public/Alflytics/ETL/Operational/Alfresco repository">
        <ExportManifestProperty>
            <EntityMetaData name="Alfresco repository" createdDate="2017-05-31T19:19:32.221+02:00" isFolder="true" path="public/Alflytics/ETL/Operational/Alfresco repository" isHidden="false" isSchedulable="false" locale="en_US" title="Alfresco repository"/>
        </ExportManifestProperty>
        <ExportManifestProperty>
            <EntityAcl>
                <entriesInheriting>true</entriesInheriting>
                <owner>admin</owner>
                <ownerType>USER</ownerType>
            </EntityAcl>
        </ExportManifestProperty>
    </ExportManifestEntity>
    <ExportManifestEntity path="public/Alflytics/ETL/Operational/Alfresco repository/Delete Alfresco repository in operational.ktr">
        <ExportManifestProperty>
            <EntityMetaData name="Delete Alfresco repository in operational.ktr" createdDate="2017-05-31T19:19:34.988+02:00" isFolder="false" path="public/Alflytics/ETL/Operational/Alfresco repository/Delete Alfresco repository in operational.ktr" isHidden="true" isSchedulable="true" locale="en_US" title="Delete Alfresco repository in operational"/>
        </ExportManifestProperty>
        <ExportManifestProperty>
            <EntityAcl>
                <entriesInheriting>true</entriesInheriting>
                <owner>admin</owner>
                <ownerType>USER</ownerType>
            </EntityAcl>
        </ExportManifestProperty>
    </ExportManifestEntity>
    <ExportManifestEntity path="public/Alflytics/ETL/Operational/Alfresco repository/Get Alfresco nodes from staging in operational.ktr">
        <ExportManifestProperty>
            <EntityMetaData name="Get Alfresco nodes from staging in operational.ktr" createdDate="2017-05-31T19:19:33.350+02:00" isFolder="false" path="public/Alflytics/ETL/Operational/Alfresco repository/Get Alfresco nodes from staging in operational.ktr" isHidden="true" isSchedulable="true" locale="en_US" title="Get Alfresco nodes from staging in operational"/>
        </ExportManifestProperty>
        <ExportManifestProperty>
            <EntityAcl>
                <entriesInheriting>true</entriesInheriting>
                <owner>admin</owner>
                <ownerType>USER</ownerType>
            </EntityAcl>
        </ExportManifestProperty>
    </ExportManifestEntity>
    <ExportManifestEntity path="public/Alflytics/ETL/Operational/Alfresco repository/Get Alfresco repository in operational.kjb">
        <ExportManifestProperty>
            <EntityMetaData name="Get Alfresco repository in operational.kjb" createdDate="2017-05-31T19:19:34.290+02:00" isFolder="false" path="public/Alflytics/ETL/Operational/Alfresco repository/Get Alfresco repository in operational.kjb" isHidden="true" isSchedulable="true" locale="en_US" title="Get Alfresco repository in operational"/>
        </ExportManifestProperty>
        <ExportManifestProperty>
            <EntityAcl>
                <entriesInheriting>true</entriesInheriting>
                <owner>admin</owner>
                <ownerType>USER</ownerType>
            </EntityAcl>
        </ExportManifestProperty>
    </ExportManifestEntity>
    <ExportManifestEntity path="public/Alflytics/ETL/Operational/Alfresco users">
        <ExportManifestProperty>
            <EntityMetaData name="Alfresco users" createdDate="2017-05-31T19:19:35.259+02:00" isFolder="true" path="public/Alflytics/ETL/Operational/Alfresco users" isHidden="false" isSchedulable="false" locale="en_US" title="Alfresco users"/>
        </ExportManifestProperty>
        <ExportManifestProperty>
            <EntityAcl>
                <entriesInheriting>true</entriesInheriting>
                <owner>admin</owner>
                <ownerType>USER</ownerType>
            </EntityAcl>
        </ExportManifestProperty>
    </ExportManifestEntity>
    <ExportManifestEntity path="public/Alflytics/ETL/Operational/Alfresco users/Get Alfresco users from staging in operational.ktr">
        <ExportManifestProperty>
            <EntityMetaData name="Get Alfresco users from staging in operational.ktr" createdDate="2017-05-31T19:19:35.352+02:00" isFolder="false" path="public/Alflytics/ETL/Operational/Alfresco users/Get Alfresco users from staging in operational.ktr" isHidden="true" isSchedulable="true" locale="en_US" title="Get Alfresco users from staging in operational"/>
        </ExportManifestProperty>
        <ExportManifestProperty>
            <EntityAcl>
                <entriesInheriting>true</entriesInheriting>
                <owner>admin</owner>
                <ownerType>USER</ownerType>
            </EntityAcl>
        </ExportManifestProperty>
    </ExportManifestEntity>
    <ExportManifestEntity path="public/Alflytics/ETL/Operational/Alfresco users/Get Alfresco users in operational.kjb">
        <ExportManifestProperty>
            <EntityMetaData name="Get Alfresco users in operational.kjb" createdDate="2017-05-31T19:19:35.554+02:00" isFolder="false" path="public/Alflytics/ETL/Operational/Alfresco users/Get Alfresco users in operational.kjb" isHidden="true" isSchedulable="true" locale="en_US" title="Get Alfresco users in operational"/>
        </ExportManifestProperty>
        <ExportManifestProperty>
            <EntityAcl>
                <entriesInheriting>true</entriesInheriting>
                <owner>admin</owner>
                <ownerType>USER</ownerType>
            </EntityAcl>
        </ExportManifestProperty>
    </ExportManifestEntity>
    <ExportManifestEntity path="public/Alflytics/ETL/Report">
        <ExportManifestProperty>
            <EntityMetaData name="Report" createdDate="2017-05-31T19:19:41.477+02:00" isFolder="true" path="public/Alflytics/ETL/Report" isHidden="false" isSchedulable="false" locale="en_US" title="Reports"/>
        </ExportManifestProperty>
        <ExportManifestProperty>
            <EntityAcl>
                <entriesInheriting>true</entriesInheriting>
                <owner>admin</owner>
                <ownerType>USER</ownerType>
            </EntityAcl>
        </ExportManifestProperty>
    </ExportManifestEntity>
    <ExportManifestEntity path="public/Alflytics/ETL/Report all.kjb">
        <ExportManifestProperty>
            <EntityMetaData name="Report all.kjb" createdDate="2017-05-31T19:19:37.244+02:00" isFolder="false" path="public/Alflytics/ETL/Report all.kjb" isHidden="true" isSchedulable="true" locale="en_US" title="Report all"/>
        </ExportManifestProperty>
        <ExportManifestProperty>
            <EntityAcl>
                <entriesInheriting>true</entriesInheriting>
                <owner>admin</owner>
                <ownerType>USER</ownerType>
            </EntityAcl>
        </ExportManifestProperty>
    </ExportManifestEntity>
    <ExportManifestEntity path="public/Alflytics/ETL/Report/Create target file from prpt.ktr">
        <ExportManifestProperty>
            <EntityMetaData name="Create target file from prpt.ktr" createdDate="2017-05-31T19:19:42.034+02:00" isFolder="false" path="public/Alflytics/ETL/Report/Create target file from prpt.ktr" isHidden="true" isSchedulable="true" locale="en_US" title="Create target file from prpt"/>
        </ExportManifestProperty>
        <ExportManifestProperty>
            <EntityAcl>
                <entriesInheriting>true</entriesInheriting>
                <owner>admin</owner>
                <ownerType>USER</ownerType>
            </EntityAcl>
        </ExportManifestProperty>
    </ExportManifestEntity>
    <ExportManifestEntity path="public/Alflytics/ETL/Report/Put into Alfresco.kjb">
        <ExportManifestProperty>
            <EntityMetaData name="Put into Alfresco.kjb" createdDate="2017-05-31T19:19:41.799+02:00" isFolder="false" path="public/Alflytics/ETL/Report/Put into Alfresco.kjb" isHidden="true" isSchedulable="true" locale="en_US" title="Put into Alfresco"/>
        </ExportManifestProperty>
        <ExportManifestProperty>
            <EntityAcl>
                <entriesInheriting>true</entriesInheriting>
                <owner>admin</owner>
                <ownerType>USER</ownerType>
            </EntityAcl>
        </ExportManifestProperty>
    </ExportManifestEntity>
    <ExportManifestEntity path="public/Alflytics/ETL/Report/Upload file into Alfresco.ktr">
        <ExportManifestProperty>
            <EntityMetaData name="Upload file into Alfresco.ktr" createdDate="2017-05-31T19:19:41.571+02:00" isFolder="false" path="public/Alflytics/ETL/Report/Upload file into Alfresco.ktr" isHidden="true" isSchedulable="true" locale="en_US" title="Upload file into Alfresco"/>
        </ExportManifestProperty>
        <ExportManifestProperty>
            <EntityAcl>
                <entriesInheriting>true</entriesInheriting>
                <owner>admin</owner>
                <ownerType>USER</ownerType>
            </EntityAcl>
        </ExportManifestProperty>
    </ExportManifestEntity>
    <ExportManifestEntity path="public/Alflytics/ETL/Staging">
        <ExportManifestProperty>
            <EntityMetaData name="Staging" createdDate="2017-05-31T19:19:48.923+02:00" isFolder="true" path="public/Alflytics/ETL/Staging" isHidden="false" isSchedulable="false" locale="en_US" title="Staging"/>
        </ExportManifestProperty>
        <ExportManifestProperty>
            <EntityAcl>
                <entriesInheriting>true</entriesInheriting>
                <owner>admin</owner>
                <ownerType>USER</ownerType>
            </EntityAcl>
        </ExportManifestProperty>
    </ExportManifestEntity>
    <ExportManifestEntity path="public/Alflytics/ETL/Staging/Alfresco audit trail">
        <ExportManifestProperty>
            <EntityMetaData name="Alfresco audit trail" createdDate="2017-05-31T19:19:51.263+02:00" isFolder="true" path="public/Alflytics/ETL/Staging/Alfresco audit trail" isHidden="false" isSchedulable="false" locale="en_US" title="Alfresco audit trail"/>
        </ExportManifestProperty>
        <ExportManifestProperty>
            <EntityAcl>
                <entriesInheriting>true</entriesInheriting>
                <owner>admin</owner>
                <ownerType>USER</ownerType>
            </EntityAcl>
        </ExportManifestProperty>
    </ExportManifestEntity>
    <ExportManifestEntity path="public/Alflytics/ETL/Staging/Alfresco audit trail/Get Alfresco audit app from Alfresco in tmp.kjb">
        <ExportManifestProperty>
            <EntityMetaData name="Get Alfresco audit app from Alfresco in tmp.kjb" createdDate="2017-05-31T19:19:52.120+02:00" isFolder="false" path="public/Alflytics/ETL/Staging/Alfresco audit trail/Get Alfresco audit app from Alfresco in tmp.kjb" isHidden="true" isSchedulable="true" locale="en_US" title="Get Alfresco audit app from Alfresco in tmp"/>
        </ExportManifestProperty>
        <ExportManifestProperty>
            <EntityAcl>
                <entriesInheriting>true</entriesInheriting>
                <owner>admin</owner>
                <ownerType>USER</ownerType>
            </EntityAcl>
        </ExportManifestProperty>
    </ExportManifestEntity>
    <ExportManifestEntity path="public/Alflytics/ETL/Staging/Alfresco audit trail/Get Alfresco audit app from tmp in staging.kjb">
        <ExportManifestProperty>
            <EntityMetaData name="Get Alfresco audit app from tmp in staging.kjb" createdDate="2017-05-31T19:19:51.741+02:00" isFolder="false" path="public/Alflytics/ETL/Staging/Alfresco audit trail/Get Alfresco audit app from tmp in staging.kjb" isHidden="true" isSchedulable="true" locale="en_US" title="Get Alfresco audit app from tmp in staging"/>
        </ExportManifestProperty>
        <ExportManifestProperty>
            <EntityAcl>
                <entriesInheriting>true</entriesInheriting>
                <owner>admin</owner>
                <ownerType>USER</ownerType>
            </EntityAcl>
        </ExportManifestProperty>
    </ExportManifestEntity>
    <ExportManifestEntity path="public/Alflytics/ETL/Staging/Alfresco audit trail/Get Alfresco audit trail from Alfresco in tmp.kjb">
        <ExportManifestProperty>
            <EntityMetaData name="Get Alfresco audit trail from Alfresco in tmp.kjb" createdDate="2017-05-31T19:19:51.402+02:00" isFolder="false" path="public/Alflytics/ETL/Staging/Alfresco audit trail/Get Alfresco audit trail from Alfresco in tmp.kjb" isHidden="true" isSchedulable="true" locale="en_US" title="Get Alfresco audit trail from Alfresco in tmp"/>
        </ExportManifestProperty>
        <ExportManifestProperty>
            <EntityAcl>
                <entriesInheriting>true</entriesInheriting>
                <owner>admin</owner>
                <ownerType>USER</ownerType>
            </EntityAcl>
        </ExportManifestProperty>
    </ExportManifestEntity>
    <ExportManifestEntity path="public/Alflytics/ETL/Staging/Alfresco audit trail/Get Alfresco audit trail from tmp in staging.kjb">
        <ExportManifestProperty>
            <EntityMetaData name="Get Alfresco audit trail from tmp in staging.kjb" createdDate="2017-05-31T19:19:51.610+02:00" isFolder="false" path="public/Alflytics/ETL/Staging/Alfresco audit trail/Get Alfresco audit trail from tmp in staging.kjb" isHidden="true" isSchedulable="true" locale="en_US" title="Get Alfresco audit trail from tmp in staging"/>
        </ExportManifestProperty>
        <ExportManifestProperty>
            <EntityAcl>
                <entriesInheriting>true</entriesInheriting>
                <owner>admin</owner>
                <ownerType>USER</ownerType>
            </EntityAcl>
        </ExportManifestProperty>
    </ExportManifestEntity>
    <ExportManifestEntity path="public/Alflytics/ETL/Staging/Alfresco audit trail/Get Alfresco audit trail in staging.kjb">
        <ExportManifestProperty>
            <EntityMetaData name="Get Alfresco audit trail in staging.kjb" createdDate="2017-05-31T19:19:51.287+02:00" isFolder="false" path="public/Alflytics/ETL/Staging/Alfresco audit trail/Get Alfresco audit trail in staging.kjb" isHidden="true" isSchedulable="true" locale="en_US" title="Get Alfresco audit trail in staging"/>
        </ExportManifestProperty>
        <ExportManifestProperty>
            <EntityAcl>
                <entriesInheriting>true</entriesInheriting>
                <owner>admin</owner>
                <ownerType>USER</ownerType>
            </EntityAcl>
        </ExportManifestProperty>
    </ExportManifestEntity>
    <ExportManifestEntity path="public/Alflytics/ETL/Staging/Alfresco audit trail/Get REST in json for audit trail.kjb">
        <ExportManifestProperty>
            <EntityMetaData name="Get REST in json for audit trail.kjb" createdDate="2017-05-31T19:19:52.253+02:00" isFolder="false" path="public/Alflytics/ETL/Staging/Alfresco audit trail/Get REST in json for audit trail.kjb" isHidden="true" isSchedulable="true" locale="en_US" title="Get REST in json for audit trail"/>
        </ExportManifestProperty>
        <ExportManifestProperty>
            <EntityAcl>
                <entriesInheriting>true</entriesInheriting>
                <owner>admin</owner>
                <ownerType>USER</ownerType>
            </EntityAcl>
        </ExportManifestProperty>
    </ExportManifestEntity>
    <ExportManifestEntity path="public/Alflytics/ETL/Staging/Alfresco audit trail/Get REST in json for audit trail.ktr">
        <ExportManifestProperty>
            <EntityMetaData name="Get REST in json for audit trail.ktr" createdDate="2017-05-31T19:19:52.457+02:00" isFolder="false" path="public/Alflytics/ETL/Staging/Alfresco audit trail/Get REST in json for audit trail.ktr" isHidden="true" isSchedulable="true" locale="en_US" title="Get REST in json for audit trail"/>
        </ExportManifestProperty>
        <ExportManifestProperty>
            <EntityAcl>
                <entriesInheriting>true</entriesInheriting>
                <owner>admin</owner>
                <ownerType>USER</ownerType>
            </EntityAcl>
        </ExportManifestProperty>
    </ExportManifestEntity>
    <ExportManifestEntity path="public/Alflytics/ETL/Staging/Alfresco audit trail/Get audit apps stream.ktr">
        <ExportManifestProperty>
            <EntityMetaData name="Get audit apps stream.ktr" createdDate="2017-05-31T19:19:51.855+02:00" isFolder="false" path="public/Alflytics/ETL/Staging/Alfresco audit trail/Get audit apps stream.ktr" isHidden="true" isSchedulable="true" locale="en_US" title="Get audit apps stream"/>
        </ExportManifestProperty>
        <ExportManifestProperty>
            <EntityAcl>
                <entriesInheriting>true</entriesInheriting>
                <owner>admin</owner>
                <ownerType>USER</ownerType>
            </EntityAcl>
        </ExportManifestProperty>
    </ExportManifestEntity>
    <ExportManifestEntity path="public/Alflytics/ETL/Staging/Alfresco audit trail/Get json in table for audits.ktr">
        <ExportManifestProperty>
            <EntityMetaData name="Get json in table for audits.ktr" createdDate="2017-05-31T19:19:51.976+02:00" isFolder="false" path="public/Alflytics/ETL/Staging/Alfresco audit trail/Get json in table for audits.ktr" isHidden="true" isSchedulable="true" locale="en_US" title="Get json in table for audits"/>
        </ExportManifestProperty>
        <ExportManifestProperty>
            <EntityAcl>
                <entriesInheriting>true</entriesInheriting>
                <owner>admin</owner>
                <ownerType>USER</ownerType>
            </EntityAcl>
        </ExportManifestProperty>
    </ExportManifestEntity>
    <ExportManifestEntity path="public/Alflytics/ETL/Staging/Alfresco processes">
        <ExportManifestProperty>
            <EntityMetaData name="Alfresco processes" createdDate="2017-05-31T19:19:50.132+02:00" isFolder="true" path="public/Alflytics/ETL/Staging/Alfresco processes" isHidden="false" isSchedulable="false" locale="en_US" title="Alfresco processes"/>
        </ExportManifestProperty>
        <ExportManifestProperty>
            <EntityAcl>
                <entriesInheriting>true</entriesInheriting>
                <owner>admin</owner>
                <ownerType>USER</ownerType>
            </EntityAcl>
        </ExportManifestProperty>
    </ExportManifestEntity>
    <ExportManifestEntity path="public/Alflytics/ETL/Staging/Alfresco processes/Get Alfresco items from Alfresco in tmp.kjb">
        <ExportManifestProperty>
            <EntityMetaData name="Get Alfresco items from Alfresco in tmp.kjb" createdDate="2017-05-31T19:19:51.110+02:00" isFolder="false" path="public/Alflytics/ETL/Staging/Alfresco processes/Get Alfresco items from Alfresco in tmp.kjb" isHidden="true" isSchedulable="true" locale="en_US" title="Get Alfresco items from Alfresco in tmp"/>
        </ExportManifestProperty>
        <ExportManifestProperty>
            <EntityAcl>
                <entriesInheriting>true</entriesInheriting>
                <owner>admin</owner>
                <ownerType>USER</ownerType>
            </EntityAcl>
        </ExportManifestProperty>
    </ExportManifestEntity>
    <ExportManifestEntity path="public/Alflytics/ETL/Staging/Alfresco processes/Get Alfresco items from tmp in staging.kjb">
        <ExportManifestProperty>
            <EntityMetaData name="Get Alfresco items from tmp in staging.kjb" createdDate="2017-05-31T19:19:50.291+02:00" isFolder="false" path="public/Alflytics/ETL/Staging/Alfresco processes/Get Alfresco items from tmp in staging.kjb" isHidden="true" isSchedulable="true" locale="en_US" title="Get Alfresco items from tmp in staging"/>
        </ExportManifestProperty>
        <ExportManifestProperty>
            <EntityAcl>
                <entriesInheriting>true</entriesInheriting>
                <owner>admin</owner>
                <ownerType>USER</ownerType>
            </EntityAcl>
        </ExportManifestProperty>
    </ExportManifestEntity>
    <ExportManifestEntity path="public/Alflytics/ETL/Staging/Alfresco processes/Get Alfresco processes from Alfresco in tmp.kjb">
        <ExportManifestProperty>
            <EntityMetaData name="Get Alfresco processes from Alfresco in tmp.kjb" createdDate="2017-05-31T19:19:50.531+02:00" isFolder="false" path="public/Alflytics/ETL/Staging/Alfresco processes/Get Alfresco processes from Alfresco in tmp.kjb" isHidden="true" isSchedulable="true" locale="en_US" title="Get Alfresco processes from Alfresco in tmp"/>
        </ExportManifestProperty>
        <ExportManifestProperty>
            <EntityAcl>
                <entriesInheriting>true</entriesInheriting>
                <owner>admin</owner>
                <ownerType>USER</ownerType>
            </EntityAcl>
        </ExportManifestProperty>
    </ExportManifestEntity>
    <ExportManifestEntity path="public/Alflytics/ETL/Staging/Alfresco processes/Get Alfresco processes from tmp in staging.kjb">
        <ExportManifestProperty>
            <EntityMetaData name="Get Alfresco processes from tmp in staging.kjb" createdDate="2017-05-31T19:19:50.906+02:00" isFolder="false" path="public/Alflytics/ETL/Staging/Alfresco processes/Get Alfresco processes from tmp in staging.kjb" isHidden="true" isSchedulable="true" locale="en_US" title="Get Alfresco processes from tmp in staging"/>
        </ExportManifestProperty>
        <ExportManifestProperty>
            <EntityAcl>
                <entriesInheriting>true</entriesInheriting>
                <owner>admin</owner>
                <ownerType>USER</ownerType>
            </EntityAcl>
        </ExportManifestProperty>
    </ExportManifestEntity>
    <ExportManifestEntity path="public/Alflytics/ETL/Staging/Alfresco processes/Get Alfresco processes in staging.kjb">
        <ExportManifestProperty>
            <EntityMetaData name="Get Alfresco processes in staging.kjb" createdDate="2017-05-31T19:19:50.156+02:00" isFolder="false" path="public/Alflytics/ETL/Staging/Alfresco processes/Get Alfresco processes in staging.kjb" isHidden="true" isSchedulable="true" locale="en_US" title="Get Alfresco processes in staging"/>
        </ExportManifestProperty>
        <ExportManifestProperty>
            <EntityAcl>
                <entriesInheriting>true</entriesInheriting>
                <owner>admin</owner>
                <ownerType>USER</ownerType>
            </EntityAcl>
        </ExportManifestProperty>
    </ExportManifestEntity>
    <ExportManifestEntity path="public/Alflytics/ETL/Staging/Alfresco processes/Get instance ids.ktr">
        <ExportManifestProperty>
            <EntityMetaData name="Get instance ids.ktr" createdDate="2017-05-31T19:19:50.418+02:00" isFolder="false" path="public/Alflytics/ETL/Staging/Alfresco processes/Get instance ids.ktr" isHidden="true" isSchedulable="true" locale="en_US" title="Get instance ids"/>
        </ExportManifestProperty>
        <ExportManifestProperty>
            <EntityAcl>
                <entriesInheriting>true</entriesInheriting>
                <owner>admin</owner>
                <ownerType>USER</ownerType>
            </EntityAcl>
        </ExportManifestProperty>
    </ExportManifestEntity>
    <ExportManifestEntity path="public/Alflytics/ETL/Staging/Alfresco repository">
        <ExportManifestProperty>
            <EntityMetaData name="Alfresco repository" createdDate="2017-05-31T19:19:48.943+02:00" isFolder="true" path="public/Alflytics/ETL/Staging/Alfresco repository" isHidden="false" isSchedulable="false" locale="en_US" title="Alfresco repository"/>
        </ExportManifestProperty>
        <ExportManifestProperty>
            <EntityAcl>
                <entriesInheriting>true</entriesInheriting>
                <owner>admin</owner>
                <ownerType>USER</ownerType>
            </EntityAcl>
        </ExportManifestProperty>
    </ExportManifestEntity>
    <ExportManifestEntity path="public/Alflytics/ETL/Staging/Alfresco repository/Get Alfresco repository from Alfresco in tmp.kjb">
        <ExportManifestProperty>
            <EntityMetaData name="Get Alfresco repository from Alfresco in tmp.kjb" createdDate="2017-05-31T19:19:49.229+02:00" isFolder="false" path="public/Alflytics/ETL/Staging/Alfresco repository/Get Alfresco repository from Alfresco in tmp.kjb" isHidden="true" isSchedulable="true" locale="en_US" title="Get Alfresco repository from Alfresco in tmp"/>
        </ExportManifestProperty>
        <ExportManifestProperty>
            <EntityAcl>
                <entriesInheriting>true</entriesInheriting>
                <owner>admin</owner>
                <ownerType>USER</ownerType>
            </EntityAcl>
        </ExportManifestProperty>
    </ExportManifestEntity>
    <ExportManifestEntity path="public/Alflytics/ETL/Staging/Alfresco repository/Get Alfresco repository from tmp in staging.kjb">
        <ExportManifestProperty>
            <EntityMetaData name="Get Alfresco repository from tmp in staging.kjb" createdDate="2017-05-31T19:19:49.482+02:00" isFolder="false" path="public/Alflytics/ETL/Staging/Alfresco repository/Get Alfresco repository from tmp in staging.kjb" isHidden="true" isSchedulable="true" locale="en_US" title="Get Alfresco repository from tmp in staging"/>
        </ExportManifestProperty>
        <ExportManifestProperty>
            <EntityAcl>
                <entriesInheriting>true</entriesInheriting>
                <owner>admin</owner>
                <ownerType>USER</ownerType>
            </EntityAcl>
        </ExportManifestProperty>
    </ExportManifestEntity>
    <ExportManifestEntity path="public/Alflytics/ETL/Staging/Alfresco repository/Get Alfresco repository in staging.kjb">
        <ExportManifestProperty>
            <EntityMetaData name="Get Alfresco repository in staging.kjb" createdDate="2017-05-31T19:19:48.971+02:00" isFolder="false" path="public/Alflytics/ETL/Staging/Alfresco repository/Get Alfresco repository in staging.kjb" isHidden="true" isSchedulable="true" locale="en_US" title="Get Alfresco repository in staging"/>
        </ExportManifestProperty>
        <ExportManifestProperty>
            <EntityAcl>
                <entriesInheriting>true</entriesInheriting>
                <owner>admin</owner>
                <ownerType>USER</ownerType>
            </EntityAcl>
        </ExportManifestProperty>
    </ExportManifestEntity>
    <ExportManifestEntity path="public/Alflytics/ETL/Staging/Alfresco users">
        <ExportManifestProperty>
            <EntityMetaData name="Alfresco users" createdDate="2017-05-31T19:19:49.626+02:00" isFolder="true" path="public/Alflytics/ETL/Staging/Alfresco users" isHidden="false" isSchedulable="false" locale="en_US" title="Alfresco users"/>
        </ExportManifestProperty>
        <ExportManifestProperty>
            <EntityAcl>
                <entriesInheriting>true</entriesInheriting>
                <owner>admin</owner>
                <ownerType>USER</ownerType>
            </EntityAcl>
        </ExportManifestProperty>
    </ExportManifestEntity>
    <ExportManifestEntity path="public/Alflytics/ETL/Staging/Alfresco users/Get Alfresco users from Alfresco in tmp.kjb">
        <ExportManifestProperty>
            <EntityMetaData name="Get Alfresco users from Alfresco in tmp.kjb" createdDate="2017-05-31T19:19:50.005+02:00" isFolder="false" path="public/Alflytics/ETL/Staging/Alfresco users/Get Alfresco users from Alfresco in tmp.kjb" isHidden="true" isSchedulable="true" locale="en_US" title="Get Alfresco users from Alfresco in tmp"/>
        </ExportManifestProperty>
        <ExportManifestProperty>
            <EntityAcl>
                <entriesInheriting>true</entriesInheriting>
                <owner>admin</owner>
                <ownerType>USER</ownerType>
            </EntityAcl>
        </ExportManifestProperty>
    </ExportManifestEntity>
    <ExportManifestEntity path="public/Alflytics/ETL/Staging/Alfresco users/Get Alfresco users from tmp in staging.kjb">
        <ExportManifestProperty>
            <EntityMetaData name="Get Alfresco users from tmp in staging.kjb" createdDate="2017-05-31T19:19:49.770+02:00" isFolder="false" path="public/Alflytics/ETL/Staging/Alfresco users/Get Alfresco users from tmp in staging.kjb" isHidden="true" isSchedulable="true" locale="en_US" title="Get Alfresco users from tmp in staging"/>
        </ExportManifestProperty>
        <ExportManifestProperty>
            <EntityAcl>
                <entriesInheriting>true</entriesInheriting>
                <owner>admin</owner>
                <ownerType>USER</ownerType>
            </EntityAcl>
        </ExportManifestProperty>
    </ExportManifestEntity>
    <ExportManifestEntity path="public/Alflytics/ETL/Staging/Alfresco users/Get Alfresco users in staging.kjb">
        <ExportManifestProperty>
            <EntityMetaData name="Get Alfresco users in staging.kjb" createdDate="2017-05-31T19:19:49.654+02:00" isFolder="false" path="public/Alflytics/ETL/Staging/Alfresco users/Get Alfresco users in staging.kjb" isHidden="true" isSchedulable="true" locale="en_US" title="Get Alfresco users in staging"/>
        </ExportManifestProperty>
        <ExportManifestProperty>
            <EntityAcl>
                <entriesInheriting>true</entriesInheriting>
                <owner>admin</owner>
                <ownerType>USER</ownerType>
            </EntityAcl>
        </ExportManifestProperty>
    </ExportManifestEntity>
    <ExportManifestEntity path="public/Alflytics/ETL/Staging/Util">
        <ExportManifestProperty>
            <EntityMetaData name="Util" createdDate="2017-05-31T19:19:52.614+02:00" isFolder="true" path="public/Alflytics/ETL/Staging/Util" isHidden="false" isSchedulable="false" locale="en_US" title="Util"/>
        </ExportManifestProperty>
        <ExportManifestProperty>
            <EntityAcl>
                <entriesInheriting>true</entriesInheriting>
                <owner>admin</owner>
                <ownerType>USER</ownerType>
            </EntityAcl>
        </ExportManifestProperty>
    </ExportManifestEntity>
    <ExportManifestEntity path="public/Alflytics/ETL/Staging/Util/Get REST in json.kjb">
        <ExportManifestProperty>
            <EntityMetaData name="Get REST in json.kjb" createdDate="2017-05-31T19:19:52.778+02:00" isFolder="false" path="public/Alflytics/ETL/Staging/Util/Get REST in json.kjb" isHidden="true" isSchedulable="true" locale="en_US" title="Get REST in json"/>
        </ExportManifestProperty>
        <ExportManifestProperty>
            <EntityAcl>
                <entriesInheriting>true</entriesInheriting>
                <owner>admin</owner>
                <ownerType>USER</ownerType>
            </EntityAcl>
        </ExportManifestProperty>
    </ExportManifestEntity>
    <ExportManifestEntity path="public/Alflytics/ETL/Staging/Util/Get REST in json.ktr">
        <ExportManifestProperty>
            <EntityMetaData name="Get REST in json.ktr" createdDate="2017-05-31T19:19:53.034+02:00" isFolder="false" path="public/Alflytics/ETL/Staging/Util/Get REST in json.ktr" isHidden="true" isSchedulable="true" locale="en_US" title="Get REST in json"/>
        </ExportManifestProperty>
        <ExportManifestProperty>
            <EntityAcl>
                <entriesInheriting>true</entriesInheriting>
                <owner>admin</owner>
                <ownerType>USER</ownerType>
            </EntityAcl>
        </ExportManifestProperty>
    </ExportManifestEntity>
    <ExportManifestEntity path="public/Alflytics/ETL/Staging/Util/Get json in table.kjb">
        <ExportManifestProperty>
            <EntityMetaData name="Get json in table.kjb" createdDate="2017-05-31T19:19:52.951+02:00" isFolder="false" path="public/Alflytics/ETL/Staging/Util/Get json in table.kjb" isHidden="true" isSchedulable="true" locale="en_US" title="Get json in table"/>
        </ExportManifestProperty>
        <ExportManifestProperty>
            <EntityAcl>
                <entriesInheriting>true</entriesInheriting>
                <owner>admin</owner>
                <ownerType>USER</ownerType>
            </EntityAcl>
        </ExportManifestProperty>
    </ExportManifestEntity>
    <ExportManifestEntity path="public/Alflytics/ETL/Staging/Util/Get json in table.ktr">
        <ExportManifestProperty>
            <EntityMetaData name="Get json in table.ktr" createdDate="2017-05-31T19:19:52.649+02:00" isFolder="false" path="public/Alflytics/ETL/Staging/Util/Get json in table.ktr" isHidden="true" isSchedulable="true" locale="en_US" title="Get json in table"/>
        </ExportManifestProperty>
        <ExportManifestProperty>
            <EntityAcl>
                <entriesInheriting>true</entriesInheriting>
                <owner>admin</owner>
                <ownerType>USER</ownerType>
            </EntityAcl>
        </ExportManifestProperty>
    </ExportManifestEntity>
    <ExportManifestEntity path="public/Alflytics/ETL/Unit tests.kjb">
        <ExportManifestProperty>
            <EntityMetaData name="Unit tests.kjb" createdDate="2017-05-31T19:19:48.797+02:00" isFolder="false" path="public/Alflytics/ETL/Unit tests.kjb" isHidden="true" isSchedulable="true" locale="en_US" title="Unit tests"/>
        </ExportManifestProperty>
        <ExportManifestProperty>
            <EntityAcl>
                <entriesInheriting>true</entriesInheriting>
                <owner>admin</owner>
                <ownerType>USER</ownerType>
            </EntityAcl>
        </ExportManifestProperty>
    </ExportManifestEntity>
    <ExportManifestEntity path="public/Alflytics/ETL/Util">
        <ExportManifestProperty>
            <EntityMetaData name="Util" createdDate="2017-05-31T19:19:42.283+02:00" isFolder="true" path="public/Alflytics/ETL/Util" isHidden="false" isSchedulable="false" locale="en_US" title="Util"/>
        </ExportManifestProperty>
        <ExportManifestProperty>
            <EntityAcl>
                <entriesInheriting>true</entriesInheriting>
                <owner>admin</owner>
                <ownerType>USER</ownerType>
            </EntityAcl>
        </ExportManifestProperty>
    </ExportManifestEntity>
    <ExportManifestEntity path="public/Alflytics/ETL/Util/Check Alfresco REST API.kjb">
        <ExportManifestProperty>
            <EntityMetaData name="Check Alfresco REST API.kjb" createdDate="2017-05-31T19:19:47.353+02:00" isFolder="false" path="public/Alflytics/ETL/Util/Check Alfresco REST API.kjb" isHidden="true" isSchedulable="true" locale="en_US" title="Check Alfresco REST API"/>
        </ExportManifestProperty>
        <ExportManifestProperty>
            <EntityAcl>
                <entriesInheriting>true</entriesInheriting>
                <owner>admin</owner>
                <ownerType>USER</ownerType>
            </EntityAcl>
        </ExportManifestProperty>
    </ExportManifestEntity>
    <ExportManifestEntity path="public/Alflytics/ETL/Util/Check Alfresco REST API.ktr">
        <ExportManifestProperty>
            <EntityMetaData name="Check Alfresco REST API.ktr" createdDate="2017-05-31T19:19:42.919+02:00" isFolder="false" path="public/Alflytics/ETL/Util/Check Alfresco REST API.ktr" isHidden="true" isSchedulable="true" locale="en_US" title="Check Alfresco REST API"/>
        </ExportManifestProperty>
        <ExportManifestProperty>
            <EntityAcl>
                <entriesInheriting>true</entriesInheriting>
                <owner>admin</owner>
                <ownerType>USER</ownerType>
            </EntityAcl>
        </ExportManifestProperty>
    </ExportManifestEntity>
    <ExportManifestEntity path="public/Alflytics/ETL/Util/Data quality">
        <ExportManifestProperty>
            <EntityMetaData name="Data quality" createdDate="2017-05-31T19:19:43.568+02:00" isFolder="true" path="public/Alflytics/ETL/Util/Data quality" isHidden="false" isSchedulable="false" locale="en_US" title="Data quality"/>
        </ExportManifestProperty>
        <ExportManifestProperty>
            <EntityAcl>
                <entriesInheriting>true</entriesInheriting>
                <owner>admin</owner>
                <ownerType>USER</ownerType>
            </EntityAcl>
        </ExportManifestProperty>
    </ExportManifestEntity>
    <ExportManifestEntity path="public/Alflytics/ETL/Util/Data quality/Batch id.ktr">
        <ExportManifestProperty>
            <EntityMetaData name="Batch id.ktr" createdDate="2017-05-31T19:19:43.609+02:00" isFolder="false" path="public/Alflytics/ETL/Util/Data quality/Batch id.ktr" isHidden="true" isSchedulable="true" locale="en_US" title="Batch id"/>
        </ExportManifestProperty>
        <ExportManifestProperty>
            <EntityAcl>
                <entriesInheriting>true</entriesInheriting>
                <owner>admin</owner>
                <ownerType>USER</ownerType>
            </EntityAcl>
        </ExportManifestProperty>
    </ExportManifestEntity>
    <ExportManifestEntity path="public/Alflytics/ETL/Util/Data quality/Batch log.kjb">
        <ExportManifestProperty>
            <EntityMetaData name="Batch log.kjb" createdDate="2017-05-31T19:19:45.368+02:00" isFolder="false" path="public/Alflytics/ETL/Util/Data quality/Batch log.kjb" isHidden="true" isSchedulable="true" locale="en_US" title="Batch log"/>
        </ExportManifestProperty>
        <ExportManifestProperty>
            <EntityAcl>
                <entriesInheriting>true</entriesInheriting>
                <owner>admin</owner>
                <ownerType>USER</ownerType>
            </EntityAcl>
        </ExportManifestProperty>
    </ExportManifestEntity>
    <ExportManifestEntity path="public/Alflytics/ETL/Util/Data quality/Batch log.ktr">
        <ExportManifestProperty>
            <EntityMetaData name="Batch log.ktr" createdDate="2017-05-31T19:19:45.749+02:00" isFolder="false" path="public/Alflytics/ETL/Util/Data quality/Batch log.ktr" isHidden="true" isSchedulable="true" locale="en_US" title="Batch log"/>
        </ExportManifestProperty>
        <ExportManifestProperty>
            <EntityAcl>
                <entriesInheriting>true</entriesInheriting>
                <owner>admin</owner>
                <ownerType>USER</ownerType>
            </EntityAcl>
        </ExportManifestProperty>
    </ExportManifestEntity>
    <ExportManifestEntity path="public/Alflytics/ETL/Util/Data quality/Batch start.ktr">
        <ExportManifestProperty>
            <EntityMetaData name="Batch start.ktr" createdDate="2017-05-31T19:19:45.608+02:00" isFolder="false" path="public/Alflytics/ETL/Util/Data quality/Batch start.ktr" isHidden="true" isSchedulable="true" locale="en_US" title="Batch start"/>
        </ExportManifestProperty>
        <ExportManifestProperty>
            <EntityAcl>
                <entriesInheriting>true</entriesInheriting>
                <owner>admin</owner>
                <ownerType>USER</ownerType>
            </EntityAcl>
        </ExportManifestProperty>
    </ExportManifestEntity>
    <ExportManifestEntity path="public/Alflytics/ETL/Util/Data quality/Data quality log.kjb">
        <ExportManifestProperty>
            <EntityMetaData name="Data quality log.kjb" createdDate="2017-05-31T19:19:44.278+02:00" isFolder="false" path="public/Alflytics/ETL/Util/Data quality/Data quality log.kjb" isHidden="true" isSchedulable="true" locale="en_US" title="Data quality log"/>
        </ExportManifestProperty>
        <ExportManifestProperty>
            <EntityAcl>
                <entriesInheriting>true</entriesInheriting>
                <owner>admin</owner>
                <ownerType>USER</ownerType>
            </EntityAcl>
        </ExportManifestProperty>
    </ExportManifestEntity>
    <ExportManifestEntity path="public/Alflytics/ETL/Util/Data quality/Get Alfresco counter.kjb">
        <ExportManifestProperty>
            <EntityMetaData name="Get Alfresco counter.kjb" createdDate="2017-05-31T19:19:43.726+02:00" isFolder="false" path="public/Alflytics/ETL/Util/Data quality/Get Alfresco counter.kjb" isHidden="true" isSchedulable="true" locale="en_US" title="Get Alfresco counter"/>
        </ExportManifestProperty>
        <ExportManifestProperty>
            <EntityAcl>
                <entriesInheriting>true</entriesInheriting>
                <owner>admin</owner>
                <ownerType>USER</ownerType>
            </EntityAcl>
        </ExportManifestProperty>
    </ExportManifestEntity>
    <ExportManifestEntity path="public/Alflytics/ETL/Util/Data quality/Get Alfresco counter.ktr">
        <ExportManifestProperty>
            <EntityMetaData name="Get Alfresco counter.ktr" createdDate="2017-05-31T19:19:44.095+02:00" isFolder="false" path="public/Alflytics/ETL/Util/Data quality/Get Alfresco counter.ktr" isHidden="true" isSchedulable="true" locale="en_US" title="Get Alfresco counter"/>
        </ExportManifestProperty>
        <ExportManifestProperty>
            <EntityAcl>
                <entriesInheriting>true</entriesInheriting>
                <owner>admin</owner>
                <ownerType>USER</ownerType>
            </EntityAcl>
        </ExportManifestProperty>
    </ExportManifestEntity>
    <ExportManifestEntity path="public/Alflytics/ETL/Util/Get Alfresco audits.kjb">
        <ExportManifestProperty>
            <EntityMetaData name="Get Alfresco audits.kjb" createdDate="2017-05-31T19:19:46.245+02:00" isFolder="false" path="public/Alflytics/ETL/Util/Get Alfresco audits.kjb" isHidden="true" isSchedulable="true" locale="en_US" title="Get Alfresco audits"/>
        </ExportManifestProperty>
        <ExportManifestProperty>
            <EntityAcl>
                <entriesInheriting>true</entriesInheriting>
                <owner>admin</owner>
                <ownerType>USER</ownerType>
            </EntityAcl>
        </ExportManifestProperty>
    </ExportManifestEntity>
    <ExportManifestEntity path="public/Alflytics/ETL/Util/Get Alfresco classes in variable.ktr">
        <ExportManifestProperty>
            <EntityMetaData name="Get Alfresco classes in variable.ktr" createdDate="2017-05-31T19:19:42.625+02:00" isFolder="false" path="public/Alflytics/ETL/Util/Get Alfresco classes in variable.ktr" isHidden="true" isSchedulable="true" locale="en_US" title="Get Alfresco classes in variable"/>
        </ExportManifestProperty>
        <ExportManifestProperty>
            <EntityAcl>
                <entriesInheriting>true</entriesInheriting>
                <owner>admin</owner>
                <ownerType>USER</ownerType>
            </EntityAcl>
        </ExportManifestProperty>
    </ExportManifestEntity>
    <ExportManifestEntity path="public/Alflytics/ETL/Util/Get Alfresco info in variables.ktr">
        <ExportManifestProperty>
            <EntityMetaData name="Get Alfresco info in variables.ktr" createdDate="2017-05-31T19:19:43.358+02:00" isFolder="false" path="public/Alflytics/ETL/Util/Get Alfresco info in variables.ktr" isHidden="true" isSchedulable="true" locale="en_US" title="Get Alfresco info in variables"/>
        </ExportManifestProperty>
        <ExportManifestProperty>
            <EntityAcl>
                <entriesInheriting>true</entriesInheriting>
                <owner>admin</owner>
                <ownerType>USER</ownerType>
            </EntityAcl>
        </ExportManifestProperty>
    </ExportManifestEntity>
    <ExportManifestEntity path="public/Alflytics/ETL/Util/Get Alfresco processes.kjb">
        <ExportManifestProperty>
            <EntityMetaData name="Get Alfresco processes.kjb" createdDate="2017-05-31T19:19:48.459+02:00" isFolder="false" path="public/Alflytics/ETL/Util/Get Alfresco processes.kjb" isHidden="true" isSchedulable="true" locale="en_US" title="Get Alfresco processes"/>
        </ExportManifestProperty>
        <ExportManifestProperty>
            <EntityAcl>
                <entriesInheriting>true</entriesInheriting>
                <owner>admin</owner>
                <ownerType>USER</ownerType>
            </EntityAcl>
        </ExportManifestProperty>
    </ExportManifestEntity>
    <ExportManifestEntity path="public/Alflytics/ETL/Util/Get Alfresco repository.kjb">
        <ExportManifestProperty>
            <EntityMetaData name="Get Alfresco repository.kjb" createdDate="2017-05-31T19:19:47.458+02:00" isFolder="false" path="public/Alflytics/ETL/Util/Get Alfresco repository.kjb" isHidden="true" isSchedulable="true" locale="en_US" title="Get Alfresco repository"/>
        </ExportManifestProperty>
        <ExportManifestProperty>
            <EntityAcl>
                <entriesInheriting>true</entriesInheriting>
                <owner>admin</owner>
                <ownerType>USER</ownerType>
            </EntityAcl>
        </ExportManifestProperty>
    </ExportManifestEntity>
    <ExportManifestEntity path="public/Alflytics/ETL/Util/Get Alfresco users.kjb">
        <ExportManifestProperty>
            <EntityMetaData name="Get Alfresco users.kjb" createdDate="2017-05-31T19:19:47.825+02:00" isFolder="false" path="public/Alflytics/ETL/Util/Get Alfresco users.kjb" isHidden="true" isSchedulable="true" locale="en_US" title="Get Alfresco users"/>
        </ExportManifestProperty>
        <ExportManifestProperty>
            <EntityAcl>
                <entriesInheriting>true</entriesInheriting>
                <owner>admin</owner>
                <ownerType>USER</ownerType>
            </EntityAcl>
        </ExportManifestProperty>
    </ExportManifestEntity>
    <ExportManifestEntity path="public/Alflytics/ETL/Util/Get endpoints.ktr">
        <ExportManifestProperty>
            <EntityMetaData name="Get endpoints.ktr" createdDate="2017-05-31T19:19:42.449+02:00" isFolder="false" path="public/Alflytics/ETL/Util/Get endpoints.ktr" isHidden="true" isSchedulable="true" locale="en_US" title="Get endpoints"/>
        </ExportManifestProperty>
        <ExportManifestProperty>
            <EntityAcl>
                <entriesInheriting>true</entriesInheriting>
                <owner>admin</owner>
                <ownerType>USER</ownerType>
            </EntityAcl>
        </ExportManifestProperty>
    </ExportManifestEntity>
    <ExportManifestEntity path="public/Alflytics/ETL/Util/Get from Alfresco.kjb">
        <ExportManifestProperty>
            <EntityMetaData name="Get from Alfresco.kjb" createdDate="2017-05-31T19:19:48.119+02:00" isFolder="false" path="public/Alflytics/ETL/Util/Get from Alfresco.kjb" isHidden="true" isSchedulable="true" locale="en_US" title="Get from Alfresco"/>
        </ExportManifestProperty>
        <ExportManifestProperty>
            <EntityAcl>
                <entriesInheriting>true</entriesInheriting>
                <owner>admin</owner>
                <ownerType>USER</ownerType>
            </EntityAcl>
        </ExportManifestProperty>
    </ExportManifestEntity>
    <ExportManifestEntity path="public/Alflytics/ETL/Util/Get queries.ktr">
        <ExportManifestProperty>
            <EntityMetaData name="Get queries.ktr" createdDate="2017-05-31T19:19:47.209+02:00" isFolder="false" path="public/Alflytics/ETL/Util/Get queries.ktr" isHidden="true" isSchedulable="true" locale="en_US" title="Get queries"/>
        </ExportManifestProperty>
        <ExportManifestProperty>
            <EntityAcl>
                <entriesInheriting>true</entriesInheriting>
                <owner>admin</owner>
                <ownerType>USER</ownerType>
            </EntityAcl>
        </ExportManifestProperty>
    </ExportManifestEntity>
    <ExportManifestEntity path="public/Alflytics/ETL/Util/Get rows from query.ktr">
        <ExportManifestProperty>
            <EntityMetaData name="Get rows from query.ktr" createdDate="2017-05-31T19:19:42.321+02:00" isFolder="false" path="public/Alflytics/ETL/Util/Get rows from query.ktr" isHidden="true" isSchedulable="true" locale="en_US" title="Get rows from query"/>
        </ExportManifestProperty>
        <ExportManifestProperty>
            <EntityAcl>
                <entriesInheriting>true</entriesInheriting>
                <owner>admin</owner>
                <ownerType>USER</ownerType>
            </EntityAcl>
        </ExportManifestProperty>
    </ExportManifestEntity>
    <ExportManifestEntity path="public/Alflytics/ETL/Util/Get value from query.ktr">
        <ExportManifestProperty>
            <EntityMetaData name="Get value from query.ktr" createdDate="2017-05-31T19:19:45.963+02:00" isFolder="false" path="public/Alflytics/ETL/Util/Get value from query.ktr" isHidden="true" isSchedulable="true" locale="en_US" title="Get value from query"/>
        </ExportManifestProperty>
        <ExportManifestProperty>
            <EntityAcl>
                <entriesInheriting>true</entriesInheriting>
                <owner>admin</owner>
                <ownerType>USER</ownerType>
            </EntityAcl>
        </ExportManifestProperty>
    </ExportManifestEntity>
    <ExportManifestEntity path="public/Alflytics/ETL/Util/Unit tests">
        <ExportManifestProperty>
            <EntityMetaData name="Unit tests" createdDate="2017-05-31T19:19:46.644+02:00" isFolder="true" path="public/Alflytics/ETL/Util/Unit tests" isHidden="false" isSchedulable="false" locale="en_US" title="Unit tests"/>
        </ExportManifestProperty>
        <ExportManifestProperty>
            <EntityAcl>
                <entriesInheriting>true</entriesInheriting>
                <owner>admin</owner>
                <ownerType>USER</ownerType>
            </EntityAcl>
        </ExportManifestProperty>
    </ExportManifestEntity>
    <ExportManifestEntity path="public/Alflytics/ETL/Util/Unit tests/5.2">
        <ExportManifestProperty>
            <EntityMetaData name="5.2" createdDate="2017-05-31T19:19:46.660+02:00" isFolder="true" path="public/Alflytics/ETL/Util/Unit tests/5.2" isHidden="false" isSchedulable="false" locale="en_US" title="5.2"/>
        </ExportManifestProperty>
        <ExportManifestProperty>
            <EntityAcl>
                <entriesInheriting>true</entriesInheriting>
                <owner>admin</owner>
                <ownerType>USER</ownerType>
            </EntityAcl>
        </ExportManifestProperty>
    </ExportManifestEntity>
    <ExportManifestEntity path="public/Alflytics/ETL/Util/Unit tests/5.2/Test 001 on sources 001.kjb">
        <ExportManifestProperty>
            <EntityMetaData name="Test 001 on sources 001.kjb" createdDate="2017-05-31T19:19:46.876+02:00" isFolder="false" path="public/Alflytics/ETL/Util/Unit tests/5.2/Test 001 on sources 001.kjb" isHidden="true" isSchedulable="true" locale="en_US" title="Test 001 on sources 001"/>
        </ExportManifestProperty>
        <ExportManifestProperty>
            <EntityAcl>
                <entriesInheriting>true</entriesInheriting>
                <owner>admin</owner>
                <ownerType>USER</ownerType>
            </EntityAcl>
        </ExportManifestProperty>
    </ExportManifestEntity>
    <ExportManifestEntity path="public/Alflytics/ETL/Util/Unit tests/5.2/Test 001 on sources 001.ktr">
        <ExportManifestProperty>
            <EntityMetaData name="Test 001 on sources 001.ktr" createdDate="2017-05-31T19:19:46.726+02:00" isFolder="false" path="public/Alflytics/ETL/Util/Unit tests/5.2/Test 001 on sources 001.ktr" isHidden="true" isSchedulable="true" locale="en_US" title="Test 001 on sources 001"/>
        </ExportManifestProperty>
        <ExportManifestProperty>
            <EntityAcl>
                <entriesInheriting>true</entriesInheriting>
                <owner>admin</owner>
                <ownerType>USER</ownerType>
            </EntityAcl>
        </ExportManifestProperty>
    </ExportManifestEntity>
    <ExportManifestEntity path="public/Alflytics/ETL/Util/Unit tests/5.2/Unit tests for Alfresco 5.2.kjb">
        <ExportManifestProperty>
            <EntityMetaData name="Unit tests for Alfresco 5.2.kjb" createdDate="2017-05-31T19:19:47.098+02:00" isFolder="false" path="public/Alflytics/ETL/Util/Unit tests/5.2/Unit tests for Alfresco 5.2.kjb" isHidden="true" isSchedulable="true" locale="en_US" title="Unit tests for Alfresco 5.2"/>
        </ExportManifestProperty>
        <ExportManifestProperty>
            <EntityAcl>
                <entriesInheriting>true</entriesInheriting>
                <owner>admin</owner>
                <ownerType>USER</ownerType>
            </EntityAcl>
        </ExportManifestProperty>
    </ExportManifestEntity>
    <ExportManifestEntity path="public/Alflytics/ETL/Util/Update data structures for audit apps.ktr">
        <ExportManifestProperty>
            <EntityMetaData name="Update data structures for audit apps.ktr" createdDate="2017-05-31T19:19:43.123+02:00" isFolder="false" path="public/Alflytics/ETL/Util/Update data structures for audit apps.ktr" isHidden="true" isSchedulable="true" locale="en_US" title="Update data structures for audit apps"/>
        </ExportManifestProperty>
        <ExportManifestProperty>
            <EntityAcl>
                <entriesInheriting>true</entriesInheriting>
                <owner>admin</owner>
                <ownerType>USER</ownerType>
            </EntityAcl>
        </ExportManifestProperty>
    </ExportManifestEntity>
    <ExportManifestEntity path="public/Alflytics/ETL/Util/Update data structures for classes.ktr">
        <ExportManifestProperty>
            <EntityMetaData name="Update data structures for classes.ktr" createdDate="2017-05-31T19:19:46.127+02:00" isFolder="false" path="public/Alflytics/ETL/Util/Update data structures for classes.ktr" isHidden="true" isSchedulable="true" locale="en_US" title="Update data structures for classes"/>
        </ExportManifestProperty>
        <ExportManifestProperty>
            <EntityAcl>
                <entriesInheriting>true</entriesInheriting>
                <owner>admin</owner>
                <ownerType>USER</ownerType>
            </EntityAcl>
        </ExportManifestProperty>
    </ExportManifestEntity>
</ns2:ExportManifest>
