<Schema name="AAAR_Repository" description="A.A.A.R. repository by Francesco Corti (fcorti@gmail.com)" measuresCaption="Measures">
  <Dimension type="StandardDimension" visible="true" highCardinality="false" name="Alfresco instance" description="Alfresco instance">
    <Hierarchy name="Alfresco instance" visible="true" hasAll="false" primaryKey="id" description="Alfresco instance">
      <Table name="dm_dim_alfresco">
      </Table>
      <Level name="Alfresco instance" visible="true" column="id" nameColumn="desc" type="String" uniqueMembers="true" levelType="Regular" hideMemberIf="Never">
      </Level>
    </Hierarchy>
  </Dimension>
  <Dimension type="StandardDimension" visible="true" highCardinality="true" name="Content" description="Content">
    <Hierarchy name="Content" visible="true" hasAll="true" primaryKey="id" description="Content">
      <Table name="vw_dm_fact_repository">
      </Table>
      <Level name="Path" visible="true" column="path" nameColumn="path" type="String" uniqueMembers="true" levelType="Regular" hideMemberIf="Never">
      </Level>
      <Level name="Content" visible="true" column="id" nameColumn="name" type="String" uniqueMembers="true" levelType="Regular" hideMemberIf="Never">
      </Level>
    </Hierarchy>
  </Dimension>
  <Dimension type="StandardDimension" visible="true" highCardinality="false" name="Content type" description="Content type">
    <Hierarchy name="Content type" visible="true" hasAll="true" primaryKey="id" description="Content type">
      <Table name="dm_dim_node_types">
      </Table>
      <Level name="Base type" visible="true" column="base_type" nameColumn="base_type" type="String" uniqueMembers="true" levelType="Regular" hideMemberIf="Never">
      </Level>
      <Level name="Content type" visible="true" column="id" nameColumn="desc" type="String" uniqueMembers="true" levelType="Regular" hideMemberIf="Never">
      </Level>
    </Hierarchy>
  </Dimension>
  <Dimension type="StandardDimension" visible="true" highCardinality="false" name="Creator" description="Creator">
    <Hierarchy name="Creator" visible="true" hasAll="true" primaryKey="id" description="Creator">
      <Table name="dm_dim_users">
      </Table>
      <Level name="Creator" visible="true" column="id" nameColumn="desc" type="String" uniqueMembers="true" levelType="Regular" hideMemberIf="Never">
      </Level>
    </Hierarchy>
  </Dimension>
  <Dimension type="StandardDimension" visible="true" highCardinality="false" name="Creation date" description="Creation date">
    <Hierarchy name="Creation date" visible="true" hasAll="true" primaryKey="id" description="Creation date">
      <Table name="vw_dm_dim_dates">
      </Table>
      <Level name="Creation year" visible="true" column="year_id" nameColumn="year" type="String" uniqueMembers="true" levelType="Regular" hideMemberIf="Never">
      </Level>
      <Level name="Creation month" visible="true" column="month_id" nameColumn="month_desc" type="String" uniqueMembers="true" levelType="Regular" hideMemberIf="Never">
      </Level>
      <Level name="Creation day" visible="true" column="id" nameColumn="day_desc" type="String" uniqueMembers="true" levelType="Regular" hideMemberIf="Never">
      </Level>
    </Hierarchy>
  </Dimension>
  <Dimension type="StandardDimension" visible="true" highCardinality="false" name="Creation time" description="Creation time">
    <Hierarchy name="Creation time" visible="true" hasAll="true" primaryKey="id" description="Creation time">
      <Table name="vw_dm_dim_minutes">
      </Table>
      <Level name="Creation hour" visible="true" column="hour_id" nameColumn="hour" type="String" uniqueMembers="true" levelType="Regular" hideMemberIf="Never">
      </Level>
      <Level name="Creation minute" visible="true" column="id" nameColumn="minute" type="String" uniqueMembers="true" levelType="Regular" hideMemberIf="Never">
      </Level>
    </Hierarchy>
  </Dimension>
  <Dimension type="StandardDimension" visible="true" highCardinality="false" name="Last modifier" description="Last modifier">
    <Hierarchy name="Last modifier" visible="true" hasAll="true" primaryKey="id" description="Last modifier">
      <Table name="dm_dim_users">
      </Table>
      <Level name="Last modifier" visible="true" column="id" nameColumn="desc" type="String" uniqueMembers="true" levelType="Regular" hideMemberIf="Never">
      </Level>
    </Hierarchy>
  </Dimension>
  <Dimension type="StandardDimension" visible="true" highCardinality="false" name="Last modification date" description="Last modification date">
    <Hierarchy name="Last modification date" visible="true" hasAll="true" primaryKey="id" description="Last modification date">
      <Table name="vw_dm_dim_dates">
      </Table>
      <Level name="Last modification year" visible="true" column="year_id" nameColumn="year" type="String" uniqueMembers="true" levelType="Regular" hideMemberIf="Never">
      </Level>
      <Level name="Last modification month" visible="true" column="month_id" nameColumn="month_desc" type="String" uniqueMembers="true" levelType="Regular" hideMemberIf="Never">
      </Level>
      <Level name="Last modification day" visible="true" column="id" nameColumn="day_desc" type="String" uniqueMembers="true" levelType="Regular" hideMemberIf="Never">
      </Level>
    </Hierarchy>
  </Dimension>
  <Dimension type="StandardDimension" visible="true" highCardinality="false" name="Last modification time" description="Last modification time">
    <Hierarchy name="Last modification time" visible="true" hasAll="true" primaryKey="id" description="Last modification time">
      <Table name="vw_dm_dim_minutes">
      </Table>
      <Level name="Last modification hour" visible="true" column="hour_id" nameColumn="hour" type="String" uniqueMembers="true" levelType="Regular" hideMemberIf="Never">
      </Level>
      <Level name="Last modification minute" visible="true" column="id" nameColumn="minute" type="String" uniqueMembers="true" levelType="Regular" hideMemberIf="Never">
      </Level>
    </Hierarchy>
  </Dimension>
  <Cube name="AAAR_Repository" caption="A.A.A.R. repository" visible="true" description="A.A.A.R. repository by Francesco Corti (fcorti@gmail.com)" cache="true" enabled="true">
    <Table name="vw_dm_fact_repository">
    </Table>
    <DimensionUsage source="Alfresco instance" name="Alfresco instance" visible="true" foreignKey="alfresco_id" highCardinality="false">
    </DimensionUsage>
    <DimensionUsage source="Content" name="Content" visible="true" foreignKey="id" highCardinality="true">
    </DimensionUsage>
    <DimensionUsage source="Content type" name="Content type" visible="true" foreignKey="node_type_id" highCardinality="false">
    </DimensionUsage>
    <DimensionUsage source="Creator" name="Creator" visible="true" foreignKey="user_creator_id" highCardinality="false">
    </DimensionUsage>
    <DimensionUsage source="Creation date" name="Creation date" visible="true" foreignKey="creation_date_id" highCardinality="false">
    </DimensionUsage>
    <DimensionUsage source="Creation time" name="Creation time" visible="true" foreignKey="creation_minute_id" highCardinality="false">
    </DimensionUsage>
    <DimensionUsage source="Last modifier" name="Last modifier" visible="true" foreignKey="user_last_modifier_id" highCardinality="false">
    </DimensionUsage>
    <DimensionUsage source="Last modification date" name="Last modification date" visible="true" foreignKey="last_modification_date_id" highCardinality="false">
    </DimensionUsage>
    <DimensionUsage source="Last modification time" name="Last modification time" visible="true" foreignKey="last_modification_minute_id" highCardinality="false">
    </DimensionUsage>
    <Measure name="Contents" column="num" datatype="Integer" aggregator="sum" caption="Contents" description="Contents" visible="true">
    </Measure>
    <Measure name="Bytes" column="bytes" datatype="Integer" aggregator="sum" caption="Bytes" description="Bytes" visible="false">
    </Measure>
    <CalculatedMember name="MBytes" formatString="" formula="[Measures].[Bytes] / (1024*1024)" dimension="Measures" visible="true">
    </CalculatedMember>
    <CalculatedMember name="GBytes" formatString="" formula="[Measures].[Bytes] / (1024*1024*1024)" dimension="Measures" visible="true">
    </CalculatedMember>
  </Cube>
</Schema>
